scraped_at,event_id,event_name,event_date,venue,total_listings,min_price,max_price,tag
2026-06-04T22:32:59Z,160286427,"San Antonio Spurs at New York Knicks: NBA Finals (Home Game 1, Series Game 3)",2026-06-08T20:30:00,Madison Square Garden,199,7392.65,752598.72,Selling fast
2026-06-04T22:32:59Z,160286428,"San Antonio Spurs at New York Knicks: NBA Finals (Home Game 2, Series Game 4)",2026-06-10T20:30:00,Madison Square Garden,221,7875.4,197840.25,Selling fast
2026-06-04T22:32:59Z,160286423,"San Antonio Spurs at New York Knicks: NBA Finals  (Home Game 3, Series Game 6, If Necessary)",2026-06-16T20:30:00,Madison Square Garden,231,8352.04,1071002.75,
2026-06-04T22:32:59Z,160287605,"New York Knicks at San Antonio Spurs: NBA Finals   (Home Game 2, Series Game 2)",2026-06-05T19:30:00,Frost Bank Center (Formerly AT&T Center),326,772.7,111141.05,Hottest event
2026-06-04T22:32:59Z,160287601,"New York Knicks at San Antonio Spurs: NBA Finals  (Home Game 3, Series Game 5, If Necessary)",2026-06-13T19:30:00,Frost Bank Center (Formerly AT&T Center),215,1769.9,270965.75,
2026-06-04T22:32:59Z,160287600,"New York Knicks at San Antonio Spurs: NBA Finals  (Home Game 4, Series Game 7, If Necessary)",2026-06-19T19:30:00,Frost Bank Center (Formerly AT&T Center),115,2882.73,421500.75,
2026-06-04T23:11:56Z,160286427,"San Antonio Spurs at New York Knicks: NBA Finals (Home Game 1, Series Game 3)",2026-06-08T20:30:00,Madison Square Garden,198,7392.65,752598.72,Selling fast
2026-06-04T23:11:56Z,160286428,"San Antonio Spurs at New York Knicks: NBA Finals (Home Game 2, Series Game 4)",2026-06-10T20:30:00,Madison Square Garden,225,7875.4,197840.25,Selling fast
2026-06-04T23:11:56Z,160286423,"San Antonio Spurs at New York Knicks: NBA Finals  (Home Game 3, Series Game 6, If Necessary)",2026-06-16T20:30:00,Madison Square Garden,228,8352.04,1071002.75,
2026-06-04T23:11:56Z,160287605,"New York Knicks at San Antonio Spurs: NBA Finals   (Home Game 2, Series Game 2)",2026-06-05T19:30:00,Frost Bank Center (Formerly AT&T Center),350,744.36,112082.9,Hottest event
2026-06-04T23:11:56Z,160287601,"New York Knicks at San Antonio Spurs: NBA Finals  (Home Game 3, Series Game 5, If Necessary)",2026-06-13T19:30:00,Frost Bank Center (Formerly AT&T Center),214,1712.07,270965.75,Best value
2026-06-04T23:11:56Z,160287600,"New York Knicks at San Antonio Spurs: NBA Finals  (Home Game 4, Series Game 7, If Necessary)",2026-06-19T19:30:00,Frost Bank Center (Formerly AT&T Center),115,2906.93,425042.75,
2026-06-05T00:18:34Z,160287605,"New York Knicks at San Antonio Spurs: NBA Finals   (Home Game 2, Series Game 2)",2026-06-05T19:30:00,Frost Bank Center (Formerly AT&T Center),345,736.44,112082.9,Hottest event
2026-06-05T00:18:34Z,160286427,"San Antonio Spurs at New York Knicks: NBA Finals (Home Game 1, Series Game 3)",2026-06-08T20:30:00,Madison Square Garden,196,7392.65,752598.72,Selling fast
2026-06-05T00:18:34Z,160286428,"San Antonio Spurs at New York Knicks: NBA Finals (Home Game 2, Series Game 4)",2026-06-10T20:30:00,Madison Square Garden,228,7992.04,197840.25,Selling fast
2026-06-05T00:18:34Z,160287601,"New York Knicks at San Antonio Spurs: NBA Finals  (Home Game 3, Series Game 5, If Necessary)",2026-06-13T19:30:00,Frost Bank Center (Formerly AT&T Center),214,1704.5,270965.75,
2026-06-05T00:18:34Z,160286423,"San Antonio Spurs at New York Knicks: NBA Finals  (Home Game 3, Series Game 6, If Necessary)",2026-06-16T20:30:00,Madison Square Garden,226,8352.04,1071002.75,
2026-06-05T00:18:34Z,160287600,"New York Knicks at San Antonio Spurs: NBA Finals  (Home Game 4, Series Game 7, If Necessary)",2026-06-19T19:30:00,Frost Bank Center (Formerly AT&T Center),115,2906.93,425042.75,
2026-06-05T05:26:22Z,160287605,"New York Knicks at San Antonio Spurs: NBA Finals   (Home Game 2, Series Game 2)",2026-06-05T19:30:00,Frost Bank Center (Formerly AT&T Center),323,693.29,92618.0,Hottest event
2026-06-05T05:26:22Z,160286427,"San Antonio Spurs at New York Knicks: NBA Finals (Home Game 1, Series Game 3)",2026-06-08T20:30:00,Madison Square Garden,194,8410.1,169577.75,Selling fast
2026-06-05T05:26:22Z,160286428,"San Antonio Spurs at New York Knicks: NBA Finals (Home Game 2, Series Game 4)",2026-06-10T20:30:00,Madison Square Garden,226,8050.35,197840.25,Selling fast
2026-06-05T05:26:22Z,160287601,"New York Knicks at San Antonio Spurs: NBA Finals  (Home Game 3, Series Game 5, If Necessary)",2026-06-13T19:30:00,Frost Bank Center (Formerly AT&T Center),218,1550.06,270965.75,
2026-06-05T05:26:22Z,160286423,"San Antonio Spurs at New York Knicks: NBA Finals  (Home Game 3, Series Game 6, If Necessary)",2026-06-16T20:30:00,Madison Square Garden,228,8352.04,1071002.75,
2026-06-05T05:26:22Z,160287600,"New York Knicks at San Antonio Spurs: NBA Finals  (Home Game 4, Series Game 7, If Necessary)",2026-06-19T19:30:00,Frost Bank Center (Formerly AT&T Center),117,2882.73,421500.75,
2026-06-05T10:08:01Z,160286427,"San Antonio Spurs at New York Knicks: NBA Finals (Home Game 1, Series Game 3)",2026-06-08T20:30:00,Madison Square Garden,198,8035.25,737394.77,Selling fast
2026-06-05T10:08:01Z,160286428,"San Antonio Spurs at New York Knicks: NBA Finals (Home Game 2, Series Game 4)",2026-06-10T20:30:00,Madison Square Garden,227,8050.35,197840.25,Selling fast
2026-06-05T10:08:01Z,160286423,"San Antonio Spurs at New York Knicks: NBA Finals  (Home Game 3, Series Game 6, If Necessary)",2026-06-16T20:30:00,Madison Square Garden,228,8352.04,1071002.75,
2026-06-05T10:08:01Z,160287605,"New York Knicks at San Antonio Spurs: NBA Finals   (Home Game 2, Series Game 2)",2026-06-05T19:30:00,Frost Bank Center (Formerly AT&T Center),324,703.66,93402.87,Hottest event
2026-06-05T10:08:01Z,160287601,"New York Knicks at San Antonio Spurs: NBA Finals  (Home Game 3, Series Game 5, If Necessary)",2026-06-13T19:30:00,Frost Bank Center (Formerly AT&T Center),219,1555.28,270965.75,Best value
2026-06-05T10:08:01Z,160287600,"New York Knicks at San Antonio Spurs: NBA Finals  (Home Game 4, Series Game 7, If Necessary)",2026-06-19T19:30:00,Frost Bank Center (Formerly AT&T Center),117,2882.73,421500.75,
2026-06-05T13:57:09Z,160286427,"San Antonio Spurs at New York Knicks: NBA Finals (Home Game 1, Series Game 3)",2026-06-08T20:30:00,Madison Square Garden,186,8035.25,737394.77,Selling fast
2026-06-05T13:57:09Z,160286428,"San Antonio Spurs at New York Knicks: NBA Finals (Home Game 2, Series Game 4)",2026-06-10T20:30:00,Madison Square Garden,221,8050.35,1094801.66,Selling fast
2026-06-05T13:57:09Z,160286423,"San Antonio Spurs at New York Knicks: NBA Finals  (Home Game 3, Series Game 6, If Necessary)",2026-06-16T20:30:00,Madison Square Garden,230,8352.04,1071002.75,
2026-06-05T13:57:09Z,160287605,"New York Knicks at San Antonio Spurs: NBA Finals   (Home Game 2, Series Game 2)",2026-06-05T19:30:00,Frost Bank Center (Formerly AT&T Center),282,597.39,93402.87,Hottest event
2026-06-05T13:57:09Z,160287601,"New York Knicks at San Antonio Spurs: NBA Finals  (Home Game 3, Series Game 5, If Necessary)",2026-06-13T19:30:00,Frost Bank Center (Formerly AT&T Center),215,1555.28,270965.75,
2026-06-05T13:57:09Z,160287600,"New York Knicks at San Antonio Spurs: NBA Finals  (Home Game 4, Series Game 7, If Necessary)",2026-06-19T19:30:00,Frost Bank Center (Formerly AT&T Center),116,3113.59,421500.75,
2026-06-05T14:02:43Z,160287605,"New York Knicks at San Antonio Spurs: NBA Finals   (Home Game 2, Series Game 2)",2026-06-05T19:30:00,Frost Bank Center (Formerly AT&T Center),275,596.88,92618.0,Hottest event
2026-06-05T14:02:43Z,160286427,"San Antonio Spurs at New York Knicks: NBA Finals (Home Game 1, Series Game 3)",2026-06-08T20:30:00,Madison Square Garden,184,8035.25,737394.77,Selling fast
2026-06-05T14:02:43Z,160286428,"San Antonio Spurs at New York Knicks: NBA Finals (Home Game 2, Series Game 4)",2026-06-10T20:30:00,Madison Square Garden,221,7321.25,1094801.66,Selling fast
2026-06-05T14:02:43Z,160287601,"New York Knicks at San Antonio Spurs: NBA Finals  (Home Game 3, Series Game 5, If Necessary)",2026-06-13T19:30:00,Frost Bank Center (Formerly AT&T Center),210,1555.28,270965.75,Best value
2026-06-05T14:02:43Z,160286423,"San Antonio Spurs at New York Knicks: NBA Finals  (Home Game 3, Series Game 6, If Necessary)",2026-06-16T20:30:00,Madison Square Garden,230,8352.04,1071002.75,
2026-06-05T14:02:43Z,160287600,"New York Knicks at San Antonio Spurs: NBA Finals  (Home Game 4, Series Game 7, If Necessary)",2026-06-19T19:30:00,Frost Bank Center (Formerly AT&T Center),116,3113.59,421500.75,
2026-06-05T15:51:46Z,160286427,"San Antonio Spurs at New York Knicks: NBA Finals (Home Game 1, Series Game 3)",2026-06-08T20:30:00,Madison Square Garden,188,8035.25,737394.77,Selling fast
2026-06-05T15:51:46Z,160286428,"San Antonio Spurs at New York Knicks: NBA Finals (Home Game 2, Series Game 4)",2026-06-10T20:30:00,Madison Square Garden,231,8050.35,1094801.66,Selling fast
2026-06-05T15:51:46Z,160286423,"San Antonio Spurs at New York Knicks: NBA Finals  (Home Game 3, Series Game 6, If Necessary)",2026-06-16T20:30:00,Madison Square Garden,230,8352.04,1071002.75,
2026-06-05T15:51:46Z,160287605,"New York Knicks at San Antonio Spurs: NBA Finals   (Home Game 2, Series Game 2)",2026-06-05T19:30:00,Frost Bank Center (Formerly AT&T Center),269,634.99,92618.0,Hottest event
2026-06-05T15:51:46Z,160287601,"New York Knicks at San Antonio Spurs: NBA Finals  (Home Game 3, Series Game 5, If Necessary)",2026-06-13T19:30:00,Frost Bank Center (Formerly AT&T Center),208,1589.97,270965.75,Best value
2026-06-05T15:51:46Z,160287600,"New York Knicks at San Antonio Spurs: NBA Finals  (Home Game 4, Series Game 7, If Necessary)",2026-06-19T19:30:00,Frost Bank Center (Formerly AT&T Center),112,3598.93,421500.75,
2026-06-05T15:55:17Z,160286427,"San Antonio Spurs at New York Knicks: NBA Finals (Home Game 1, Series Game 3)",2026-06-08T20:30:00,Madison Square Garden,188,7697.75,706411.91,Selling fast
2026-06-05T15:55:17Z,160286428,"San Antonio Spurs at New York Knicks: NBA Finals (Home Game 2, Series Game 4)",2026-06-10T20:30:00,Madison Square Garden,231,7712.22,1048801.7,Selling fast
2026-06-05T15:55:17Z,160286423,"San Antonio Spurs at New York Knicks: NBA Finals  (Home Game 3, Series Game 6, If Necessary)",2026-06-16T20:30:00,Madison Square Garden,232,8001.23,1026002.75,
2026-06-05T15:55:17Z,160287605,"New York Knicks at San Antonio Spurs: NBA Finals   (Home Game 2, Series Game 2)",2026-06-05T19:30:00,Frost Bank Center (Formerly AT&T Center),262,613.56,89478.5,Hottest event
2026-06-05T15:55:17Z,160287601,"New York Knicks at San Antonio Spurs: NBA Finals  (Home Game 3, Series Game 5, If Necessary)",2026-06-13T19:30:00,Frost Bank Center (Formerly AT&T Center),209,1601.16,259580.75,
2026-06-05T15:55:17Z,160287600,"New York Knicks at San Antonio Spurs: NBA Finals  (Home Game 4, Series Game 7, If Necessary)",2026-06-19T19:30:00,Frost Bank Center (Formerly AT&T Center),113,3447.83,403790.75,
2026-06-05T16:35:28Z,160287605,"New York Knicks at San Antonio Spurs: NBA Finals   (Home Game 2, Series Game 2)",2026-06-05T19:30:00,Frost Bank Center (Formerly AT&T Center),269,644.16,74722.85,Hottest event
2026-06-05T16:35:28Z,160286427,"San Antonio Spurs at New York Knicks: NBA Finals (Home Game 1, Series Game 3)",2026-06-08T20:30:00,Madison Square Garden,185,7821.05,737394.77,Selling fast
2026-06-05T16:35:28Z,160286428,"San Antonio Spurs at New York Knicks: NBA Finals (Home Game 2, Series Game 4)",2026-06-10T20:30:00,Madison Square Garden,211,8050.35,1094801.66,Selling fast
2026-06-05T16:35:28Z,160287601,"New York Knicks at San Antonio Spurs: NBA Finals  (Home Game 3, Series Game 5, If Necessary)",2026-06-13T19:30:00,Frost Bank Center (Formerly AT&T Center),211,1490.25,270965.75,
2026-06-05T16:35:28Z,160286423,"San Antonio Spurs at New York Knicks: NBA Finals  (Home Game 3, Series Game 6, If Necessary)",2026-06-16T20:30:00,Madison Square Garden,230,8352.04,1071002.75,
2026-06-05T16:35:28Z,160287600,"New York Knicks at San Antonio Spurs: NBA Finals  (Home Game 4, Series Game 7, If Necessary)",2026-06-19T19:30:00,Frost Bank Center (Formerly AT&T Center),112,3598.93,421500.75,
2026-06-05T19:04:28Z,160286427,"San Antonio Spurs at New York Knicks: NBA Finals (Home Game 1, Series Game 3)",2026-06-08T20:30:00,Madison Square Garden,179,9403.75,737394.77,Selling fast
2026-06-05T19:04:28Z,160286428,"San Antonio Spurs at New York Knicks: NBA Finals (Home Game 2, Series Game 4)",2026-06-10T20:30:00,Madison Square Garden,214,8688.05,1094801.66,Selling fast
2026-06-05T19:04:28Z,160286423,"San Antonio Spurs at New York Knicks: NBA Finals  (Home Game 3, Series Game 6, If Necessary)",2026-06-16T20:30:00,Madison Square Garden,226,8527.8,1071002.75,
2026-06-05T19:04:28Z,160287605,"New York Knicks at San Antonio Spurs: NBA Finals   (Home Game 2, Series Game 2)",2026-06-05T19:30:00,Frost Bank Center (Formerly AT&T Center),269,645.35,74722.85,Hottest event
2026-06-05T19:04:28Z,160287601,"New York Knicks at San Antonio Spurs: NBA Finals  (Home Game 3, Series Game 5, If Necessary)",2026-06-13T19:30:00,Frost Bank Center (Formerly AT&T Center),191,1387.91,270965.75,
2026-06-05T19:04:28Z,160287600,"New York Knicks at San Antonio Spurs: NBA Finals  (Home Game 4, Series Game 7, If Necessary)",2026-06-19T19:30:00,Frost Bank Center (Formerly AT&T Center),114,4217.13,421500.75,
2026-06-05T19:11:28Z,160287605,"New York Knicks at San Antonio Spurs: NBA Finals   (Home Game 2, Series Game 2)",2026-06-05T19:30:00,Frost Bank Center (Formerly AT&T Center),272,639.95,74094.95,Hottest event
2026-06-05T19:11:28Z,160286427,"San Antonio Spurs at New York Knicks: NBA Finals (Home Game 1, Series Game 3)",2026-06-08T20:30:00,Madison Square Garden,179,8808.75,737394.77,Selling fast
2026-06-05T19:11:28Z,160286428,"San Antonio Spurs at New York Knicks: NBA Finals (Home Game 2, Series Game 4)",2026-06-10T20:30:00,Madison Square Garden,214,8688.05,1094801.66,
2026-06-05T19:11:28Z,160287601,"New York Knicks at San Antonio Spurs: NBA Finals  (Home Game 3, Series Game 5, If Necessary)",2026-06-13T19:30:00,Frost Bank Center (Formerly AT&T Center),192,1410.87,270965.75,Best value
2026-06-05T19:11:28Z,160286423,"San Antonio Spurs at New York Knicks: NBA Finals  (Home Game 3, Series Game 6, If Necessary)",2026-06-16T20:30:00,Madison Square Garden,226,8527.8,1071002.75,
2026-06-05T19:11:28Z,160287600,"New York Knicks at San Antonio Spurs: NBA Finals  (Home Game 4, Series Game 7, If Necessary)",2026-06-19T19:30:00,Frost Bank Center (Formerly AT&T Center),114,4217.13,421500.75,
2026-06-05T20:08:35Z,160287605,"New York Knicks at San Antonio Spurs: NBA Finals   (Home Game 2, Series Game 2)",2026-06-05T19:30:00,Frost Bank Center (Formerly AT&T Center),247,511.47,74722.85,Hottest event
2026-06-05T20:08:35Z,160286427,"San Antonio Spurs at New York Knicks: NBA Finals (Home Game 1, Series Game 3)",2026-06-08T20:30:00,Madison Square Garden,177,8808.75,737394.77,Selling fast
2026-06-05T20:08:35Z,160286428,"San Antonio Spurs at New York Knicks: NBA Finals (Home Game 2, Series Game 4)",2026-06-10T20:30:00,Madison Square Garden,214,8570.75,1094801.66,
2026-06-05T20:08:35Z,160287601,"New York Knicks at San Antonio Spurs: NBA Finals  (Home Game 3, Series Game 5, If Necessary)",2026-06-13T19:30:00,Frost Bank Center (Formerly AT&T Center),190,1490.25,270965.75,Best value
2026-06-05T20:08:35Z,160286423,"San Antonio Spurs at New York Knicks: NBA Finals  (Home Game 3, Series Game 6, If Necessary)",2026-06-16T20:30:00,Madison Square Garden,227,8570.75,1071002.75,
2026-06-05T20:08:35Z,160287600,"New York Knicks at San Antonio Spurs: NBA Finals  (Home Game 4, Series Game 7, If Necessary)",2026-06-19T19:30:00,Frost Bank Center (Formerly AT&T Center),115,2882.73,421500.75,
2026-06-05T20:21:53Z,160286427,"San Antonio Spurs at New York Knicks: NBA Finals (Home Game 1, Series Game 3)",2026-06-08T20:30:00,Madison Square Garden,177,9992.75,836539.92,Selling fast
2026-06-05T20:21:53Z,160286428,"San Antonio Spurs at New York Knicks: NBA Finals (Home Game 2, Series Game 4)",2026-06-10T20:30:00,Madison Square Garden,213,9722.75,1242001.51,
2026-06-05T20:21:53Z,160286423,"San Antonio Spurs at New York Knicks: NBA Finals  (Home Game 3, Series Game 6, If Necessary)",2026-06-16T20:30:00,Madison Square Garden,228,9722.75,1215002.75,
2026-06-05T20:21:53Z,160287605,"New York Knicks at San Antonio Spurs: NBA Finals   (Home Game 2, Series Game 2)",2026-06-05T19:30:00,Frost Bank Center (Formerly AT&T Center),244,592.03,84769.25,Hottest event
2026-06-05T20:21:53Z,160287601,"New York Knicks at San Antonio Spurs: NBA Finals  (Home Game 3, Series Game 5, If Necessary)",2026-06-13T19:30:00,Frost Bank Center (Formerly AT&T Center),193,1690.25,307397.75,
2026-06-05T20:21:53Z,160287600,"New York Knicks at San Antonio Spurs: NBA Finals  (Home Game 4, Series Game 7, If Necessary)",2026-06-19T19:30:00,Frost Bank Center (Formerly AT&T Center),115,3269.95,478172.75,
2026-06-05T20:25:46Z,160287605,"New York Knicks at San Antonio Spurs: NBA Finals   (Home Game 2, Series Game 2)",2026-06-05T19:30:00,Frost Bank Center (Formerly AT&T Center),244,517.82,74094.95,Hottest event
2026-06-05T20:25:46Z,160286427,"San Antonio Spurs at New York Knicks: NBA Finals (Home Game 1, Series Game 3)",2026-06-08T20:30:00,Madison Square Garden,177,8808.75,737394.77,Selling fast
2026-06-05T20:25:46Z,160286428,"San Antonio Spurs at New York Knicks: NBA Finals (Home Game 2, Series Game 4)",2026-06-10T20:30:00,Madison Square Garden,212,8570.75,1094801.66,
2026-06-05T20:25:46Z,160287601,"New York Knicks at San Antonio Spurs: NBA Finals  (Home Game 3, Series Game 5, If Necessary)",2026-06-13T19:30:00,Frost Bank Center (Formerly AT&T Center),193,1490.25,270965.75,
2026-06-05T20:25:46Z,160286423,"San Antonio Spurs at New York Knicks: NBA Finals  (Home Game 3, Series Game 6, If Necessary)",2026-06-16T20:30:00,Madison Square Garden,228,8570.75,1071002.75,
2026-06-05T20:25:46Z,160287600,"New York Knicks at San Antonio Spurs: NBA Finals  (Home Game 4, Series Game 7, If Necessary)",2026-06-19T19:30:00,Frost Bank Center (Formerly AT&T Center),114,2882.73,421500.75,
2026-06-05T20:58:49Z,160287605,"New York Knicks at San Antonio Spurs: NBA Finals   (Home Game 2, Series Game 2)",2026-06-05T19:30:00,Frost Bank Center (Formerly AT&T Center),242,673.1,82885.55,Hottest event
2026-06-05T20:58:49Z,160286427,"San Antonio Spurs at New York Knicks: NBA Finals (Home Game 1, Series Game 3)",2026-06-08T20:30:00,Madison Square Garden,177,10325.15,817950.2,Selling fast
2026-06-05T20:58:49Z,160286428,"San Antonio Spurs at New York Knicks: NBA Finals (Home Game 2, Series Game 4)",2026-06-10T20:30:00,Madison Square Garden,194,8505.64,1214401.54,
2026-06-05T20:58:49Z,160287601,"New York Knicks at San Antonio Spurs: NBA Finals  (Home Game 3, Series Game 5, If Necessary)",2026-06-13T19:30:00,Frost Bank Center (Formerly AT&T Center),193,1652.75,300566.75,Best value
2026-06-05T20:58:49Z,160286423,"San Antonio Spurs at New York Knicks: NBA Finals  (Home Game 3, Series Game 6, If Necessary)",2026-06-16T20:30:00,Madison Square Garden,227,9506.75,1188002.75,
2026-06-05T20:58:49Z,160287600,"New York Knicks at San Antonio Spurs: NBA Finals  (Home Game 4, Series Game 7, If Necessary)",2026-06-19T19:30:00,Frost Bank Center (Formerly AT&T Center),113,3197.35,467546.75,
2026-06-05T21:21:40Z,160287605,"New York Knicks at San Antonio Spurs: NBA Finals   (Home Game 2, Series Game 2)",2026-06-05T19:30:00,Frost Bank Center (Formerly AT&T Center),241,615.19,73467.05,Hottest event
2026-06-05T21:21:40Z,160286427,"San Antonio Spurs at New York Knicks: NBA Finals (Home Game 1, Series Game 3)",2026-06-08T20:30:00,Madison Square Garden,173,8660.75,725001.63,Selling fast
2026-06-05T21:21:40Z,160286428,"San Antonio Spurs at New York Knicks: NBA Finals (Home Game 2, Series Game 4)",2026-06-10T20:30:00,Madison Square Garden,193,8426.75,1076401.67,
2026-06-05T21:21:40Z,160287601,"New York Knicks at San Antonio Spurs: NBA Finals  (Home Game 3, Series Game 5, If Necessary)",2026-06-13T19:30:00,Frost Bank Center (Formerly AT&T Center),196,1465.25,266411.75,
2026-06-05T21:21:40Z,160286423,"San Antonio Spurs at New York Knicks: NBA Finals  (Home Game 3, Series Game 6, If Necessary)",2026-06-16T20:30:00,Madison Square Garden,229,8426.75,1053002.75,
2026-06-05T21:21:40Z,160287600,"New York Knicks at San Antonio Spurs: NBA Finals  (Home Game 4, Series Game 7, If Necessary)",2026-06-19T19:30:00,Frost Bank Center (Formerly AT&T Center),114,2834.33,414416.75,
2026-06-05T21:51:41Z,160287605,"New York Knicks at San Antonio Spurs: NBA Finals   (Home Game 2, Series Game 2)",2026-06-05T19:30:00,Frost Bank Center (Formerly AT&T Center),216,480.3,74094.95,Hottest event
2026-06-05T21:51:41Z,160286427,"San Antonio Spurs at New York Knicks: NBA Finals (Home Game 1, Series Game 3)",2026-06-08T20:30:00,Madison Square Garden,179,10117.75,737394.77,Selling fast
2026-06-05T21:51:41Z,160286428,"San Antonio Spurs at New York Knicks: NBA Finals (Home Game 2, Series Game 4)",2026-06-10T20:30:00,Madison Square Garden,198,8570.75,1094801.66,
2026-06-05T21:51:41Z,160287601,"New York Knicks at San Antonio Spurs: NBA Finals  (Home Game 3, Series Game 5, If Necessary)",2026-06-13T19:30:00,Frost Bank Center (Formerly AT&T Center),193,1618.77,270965.75,
2026-06-05T21:51:41Z,160286423,"San Antonio Spurs at New York Knicks: NBA Finals  (Home Game 3, Series Game 6, If Necessary)",2026-06-16T20:30:00,Madison Square Garden,230,8570.75,1071002.75,
2026-06-05T21:51:41Z,160287600,"New York Knicks at San Antonio Spurs: NBA Finals  (Home Game 4, Series Game 7, If Necessary)",2026-06-19T19:30:00,Frost Bank Center (Formerly AT&T Center),116,2882.73,421500.75,
2026-06-05T22:21:42Z,160287605,"New York Knicks at San Antonio Spurs: NBA Finals   (Home Game 2, Series Game 2)",2026-06-05T19:30:00,Frost Bank Center (Formerly AT&T Center),202,508.08,57836.75,Hottest event
2026-06-05T22:21:42Z,160286427,"San Antonio Spurs at New York Knicks: NBA Finals (Home Game 1, Series Game 3)",2026-06-08T20:30:00,Madison Square Garden,174,9995.18,737394.77,Selling fast
2026-06-05T22:21:42Z,160286428,"San Antonio Spurs at New York Knicks: NBA Finals (Home Game 2, Series Game 4)",2026-06-10T20:30:00,Madison Square Garden,192,8570.75,1094801.66,
2026-06-05T22:21:42Z,160287601,"New York Knicks at San Antonio Spurs: NBA Finals  (Home Game 3, Series Game 5, If Necessary)",2026-06-13T19:30:00,Frost Bank Center (Formerly AT&T Center),192,1684.93,270965.75,
2026-06-05T22:21:42Z,160286423,"San Antonio Spurs at New York Knicks: NBA Finals  (Home Game 3, Series Game 6, If Necessary)",2026-06-16T20:30:00,Madison Square Garden,226,8570.75,1071002.75,
2026-06-05T22:21:42Z,160287600,"New York Knicks at San Antonio Spurs: NBA Finals  (Home Game 4, Series Game 7, If Necessary)",2026-06-19T19:30:00,Frost Bank Center (Formerly AT&T Center),106,2882.73,421500.75,
2026-06-06T00:22:05Z,160287605,"New York Knicks at San Antonio Spurs: NBA Finals   (Home Game 2, Series Game 2)",2026-06-05T19:30:00,Frost Bank Center (Formerly AT&T Center),75,631.63,57934.26,Hottest event
2026-06-06T00:22:05Z,160286427,"San Antonio Spurs at New York Knicks: NBA Finals (Home Game 1, Series Game 3)",2026-06-08T20:30:00,Madison Square Garden,166,9995.18,178943.92,Selling fast
2026-06-06T00:22:05Z,160286428,"San Antonio Spurs at New York Knicks: NBA Finals (Home Game 2, Series Game 4)",2026-06-10T20:30:00,Madison Square Garden,176,10173.05,1094801.66,
2026-06-06T00:22:05Z,160287601,"New York Knicks at San Antonio Spurs: NBA Finals  (Home Game 3, Series Game 5, If Necessary)",2026-06-13T19:30:00,Frost Bank Center (Formerly AT&T Center),180,1712.07,270965.75,
2026-06-06T00:22:05Z,160286423,"San Antonio Spurs at New York Knicks: NBA Finals  (Home Game 3, Series Game 6, If Necessary)",2026-06-16T20:30:00,Madison Square Garden,220,8570.75,1071002.75,
2026-06-06T00:22:05Z,160287600,"New York Knicks at San Antonio Spurs: NBA Finals  (Home Game 4, Series Game 7, If Necessary)",2026-06-19T19:30:00,Frost Bank Center (Formerly AT&T Center),81,2882.73,421500.75,
2026-06-06T00:52:13Z,160286427,"San Antonio Spurs at New York Knicks: NBA Finals (Home Game 1, Series Game 3)",2026-06-08T20:30:00,Madison Square Garden,163,8570.75,178943.92,Selling fast
2026-06-06T00:52:13Z,160286428,"San Antonio Spurs at New York Knicks: NBA Finals (Home Game 2, Series Game 4)",2026-06-10T20:30:00,Madison Square Garden,178,10475.15,1104001.65,
2026-06-06T00:52:13Z,160286423,"San Antonio Spurs at New York Knicks: NBA Finals  (Home Game 3, Series Game 6, If Necessary)",2026-06-16T20:30:00,Madison Square Garden,216,8642.75,1080002.75,
2026-06-06T00:52:13Z,160287605,"New York Knicks at San Antonio Spurs: NBA Finals   (Home Game 2, Series Game 2)",2026-06-05T19:30:00,Frost Bank Center (Formerly AT&T Center),44,714.97,58425.21,Hottest event
2026-06-06T00:52:13Z,160287601,"New York Knicks at San Antonio Spurs: NBA Finals  (Home Game 3, Series Game 5, If Necessary)",2026-06-13T19:30:00,Frost Bank Center (Formerly AT&T Center),184,1787.99,273242.75,
2026-06-06T00:52:13Z,160287600,"New York Knicks at San Antonio Spurs: NBA Finals  (Home Game 4, Series Game 7, If Necessary)",2026-06-19T19:30:00,Frost Bank Center (Formerly AT&T Center),86,2906.93,425042.75,
2026-06-06T06:19:41Z,160286427,"San Antonio Spurs at New York Knicks: NBA Finals (Home Game 1, Series Game 3)",2026-06-08T20:30:00,Madison Square Garden,170,8565.39,178943.92,Hottest event
2026-06-06T06:19:41Z,160286428,"San Antonio Spurs at New York Knicks: NBA Finals (Home Game 2, Series Game 4)",2026-06-10T20:30:00,Madison Square Garden,156,13658.0,1094801.66,
2026-06-06T06:19:41Z,160287601,"New York Knicks at San Antonio Spurs: NBA Finals  (Home Game 3, Series Game 5, If Necessary)",2026-06-13T19:30:00,Frost Bank Center (Formerly AT&T Center),118,2025.75,89029.63,Best value
2026-06-06T06:19:41Z,160286423,"San Antonio Spurs at New York Knicks: NBA Finals  (Home Game 3, Series Game 6, If Necessary)",2026-06-16T20:30:00,Madison Square Garden,215,9332.35,1071002.75,
2026-06-06T06:19:41Z,160287600,"New York Knicks at San Antonio Spurs: NBA Finals  (Home Game 4, Series Game 7, If Necessary)",2026-06-19T19:30:00,Frost Bank Center (Formerly AT&T Center),84,2882.73,421500.75,
2026-06-06T06:45:32Z,160286427,"San Antonio Spurs at New York Knicks: NBA Finals (Home Game 1, Series Game 3)",2026-06-08T20:30:00,Madison Square Garden,170,9784.19,178943.92,Hottest event
2026-06-06T06:45:32Z,160286428,"San Antonio Spurs at New York Knicks: NBA Finals (Home Game 2, Series Game 4)",2026-06-10T20:30:00,Madison Square Garden,156,13658.0,195861.87,
2026-06-06T06:45:32Z,160286423,"San Antonio Spurs at New York Knicks: NBA Finals  (Home Game 3, Series Game 6, If Necessary)",2026-06-16T20:30:00,Madison Square Garden,215,9332.35,1071002.75,
2026-06-06T06:45:32Z,160287601,"New York Knicks at San Antonio Spurs: NBA Finals  (Home Game 3, Series Game 5, If Necessary)",2026-06-13T19:30:00,Frost Bank Center (Formerly AT&T Center),119,2025.75,89029.63,
2026-06-06T06:45:32Z,160287600,"New York Knicks at San Antonio Spurs: NBA Finals  (Home Game 4, Series Game 7, If Necessary)",2026-06-19T19:30:00,Frost Bank Center (Formerly AT&T Center),84,2882.73,421500.75,
2026-06-06T08:43:57Z,160286427,"San Antonio Spurs at New York Knicks: NBA Finals (Home Game 1, Series Game 3)",2026-06-08T20:30:00,Madison Square Garden,172,8493.44,177440.21,Hottest event
2026-06-06T08:43:57Z,160286428,"San Antonio Spurs at New York Knicks: NBA Finals (Home Game 2, Series Game 4)",2026-06-10T20:30:00,Madison Square Garden,155,13658.0,195861.87,
2026-06-06T08:43:57Z,160286423,"San Antonio Spurs at New York Knicks: NBA Finals  (Home Game 3, Series Game 6, If Necessary)",2026-06-16T20:30:00,Madison Square Garden,215,11248.25,1071002.75,
2026-06-06T08:43:57Z,160287601,"New York Knicks at San Antonio Spurs: NBA Finals  (Home Game 3, Series Game 5, If Necessary)",2026-06-13T19:30:00,Frost Bank Center (Formerly AT&T Center),210,2087.9,89029.63,
2026-06-06T08:43:57Z,160287600,"New York Knicks at San Antonio Spurs: NBA Finals  (Home Game 4, Series Game 7, If Necessary)",2026-06-19T19:30:00,Frost Bank Center (Formerly AT&T Center),84,2882.73,421500.75,
2026-06-06T09:16:18Z,160286427,"San Antonio Spurs at New York Knicks: NBA Finals (Home Game 1, Series Game 3)",2026-06-08T20:30:00,Madison Square Garden,172,9702.0,177440.21,Hottest event
2026-06-06T09:16:18Z,160286428,"San Antonio Spurs at New York Knicks: NBA Finals (Home Game 2, Series Game 4)",2026-06-10T20:30:00,Madison Square Garden,155,13658.0,195861.87,
2026-06-06T09:16:18Z,160286423,"San Antonio Spurs at New York Knicks: NBA Finals  (Home Game 3, Series Game 6, If Necessary)",2026-06-16T20:30:00,Madison Square Garden,215,11248.25,1071002.75,
2026-06-06T09:16:18Z,160287601,"New York Knicks at San Antonio Spurs: NBA Finals  (Home Game 3, Series Game 5, If Necessary)",2026-06-13T19:30:00,Frost Bank Center (Formerly AT&T Center),208,2025.75,89029.63,Best value
2026-06-06T09:16:18Z,160287600,"New York Knicks at San Antonio Spurs: NBA Finals  (Home Game 4, Series Game 7, If Necessary)",2026-06-19T19:30:00,Frost Bank Center (Formerly AT&T Center),84,2882.73,421500.75,
2026-06-06T09:38:31Z,160286427,"San Antonio Spurs at New York Knicks: NBA Finals (Home Game 1, Series Game 3)",2026-06-08T20:30:00,Madison Square Garden,173,8493.44,177440.21,Hottest event
2026-06-06T09:38:31Z,160286428,"San Antonio Spurs at New York Knicks: NBA Finals (Home Game 2, Series Game 4)",2026-06-10T20:30:00,Madison Square Garden,155,13658.0,195861.87,
2026-06-06T09:38:31Z,160286423,"San Antonio Spurs at New York Knicks: NBA Finals  (Home Game 3, Series Game 6, If Necessary)",2026-06-16T20:30:00,Madison Square Garden,215,11248.25,1071002.75,
2026-06-06T09:38:31Z,160287601,"New York Knicks at San Antonio Spurs: NBA Finals  (Home Game 3, Series Game 5, If Necessary)",2026-06-13T19:30:00,Frost Bank Center (Formerly AT&T Center),207,2025.75,89029.63,
2026-06-06T09:38:31Z,160287600,"New York Knicks at San Antonio Spurs: NBA Finals  (Home Game 4, Series Game 7, If Necessary)",2026-06-19T19:30:00,Frost Bank Center (Formerly AT&T Center),84,2882.73,421500.75,
2026-06-06T11:12:28Z,160286427,"San Antonio Spurs at New York Knicks: NBA Finals (Home Game 1, Series Game 3)",2026-06-08T20:30:00,Madison Square Garden,174,9784.19,178943.92,Hottest event
2026-06-06T11:12:28Z,160286428,"San Antonio Spurs at New York Knicks: NBA Finals (Home Game 2, Series Game 4)",2026-06-10T20:30:00,Madison Square Garden,161,13658.0,195861.87,
2026-06-06T11:12:28Z,160287601,"New York Knicks at San Antonio Spurs: NBA Finals  (Home Game 3, Series Game 5, If Necessary)",2026-06-13T19:30:00,Frost Bank Center (Formerly AT&T Center),207,2025.75,89029.63,
2026-06-06T11:12:28Z,160286423,"San Antonio Spurs at New York Knicks: NBA Finals  (Home Game 3, Series Game 6, If Necessary)",2026-06-16T20:30:00,Madison Square Garden,214,11248.25,1071002.75,
2026-06-06T11:12:28Z,160287600,"New York Knicks at San Antonio Spurs: NBA Finals  (Home Game 4, Series Game 7, If Necessary)",2026-06-19T19:30:00,Frost Bank Center (Formerly AT&T Center),84,2882.73,421500.75,
2026-06-06T11:12:28Z,158989183,96th MLB All-Star Game,2026-07-14T20:00:00,Citizens Bank Park,383,585.95,270002.75,
2026-06-06T11:40:41Z,160286427,"San Antonio Spurs at New York Knicks: NBA Finals (Home Game 1, Series Game 3)",2026-06-08T20:30:00,Madison Square Garden,173,8720.69,178943.92,Hottest event
2026-06-06T11:40:41Z,160286428,"San Antonio Spurs at New York Knicks: NBA Finals (Home Game 2, Series Game 4)",2026-06-10T20:30:00,Madison Square Garden,157,13658.0,195861.87,
2026-06-06T11:40:41Z,160287601,"New York Knicks at San Antonio Spurs: NBA Finals  (Home Game 3, Series Game 5, If Necessary)",2026-06-13T19:30:00,Frost Bank Center (Formerly AT&T Center),180,2025.75,89029.63,
2026-06-06T11:40:41Z,160286423,"San Antonio Spurs at New York Knicks: NBA Finals  (Home Game 3, Series Game 6, If Necessary)",2026-06-16T20:30:00,Madison Square Garden,211,11248.25,1071002.75,
2026-06-06T11:40:41Z,160287600,"New York Knicks at San Antonio Spurs: NBA Finals  (Home Game 4, Series Game 7, If Necessary)",2026-06-19T19:30:00,Frost Bank Center (Formerly AT&T Center),84,2882.73,421500.75,
2026-06-06T12:04:55Z,160286427,"San Antonio Spurs at New York Knicks: NBA Finals (Home Game 1, Series Game 3)",2026-06-08T20:30:00,Madison Square Garden,171,8852.75,177440.21,Hottest event
2026-06-06T12:04:55Z,160286428,"San Antonio Spurs at New York Knicks: NBA Finals (Home Game 2, Series Game 4)",2026-06-10T20:30:00,Madison Square Garden,158,13658.0,195861.87,
2026-06-06T12:04:55Z,160286423,"San Antonio Spurs at New York Knicks: NBA Finals  (Home Game 3, Series Game 6, If Necessary)",2026-06-16T20:30:00,Madison Square Garden,212,11248.25,1071002.75,
2026-06-06T12:04:55Z,160287601,"New York Knicks at San Antonio Spurs: NBA Finals  (Home Game 3, Series Game 5, If Necessary)",2026-06-13T19:30:00,Frost Bank Center (Formerly AT&T Center),117,2025.75,89029.63,Best value
2026-06-06T12:04:55Z,160287600,"New York Knicks at San Antonio Spurs: NBA Finals  (Home Game 4, Series Game 7, If Necessary)",2026-06-19T19:30:00,Frost Bank Center (Formerly AT&T Center),84,2882.73,421500.75,
2026-06-06T12:04:55Z,158989183,96th MLB All-Star Game,2026-07-14T20:00:00,Citizens Bank Park,384,645.35,267752.75,
2026-06-06T12:04:55Z,160426304,2026 Philadelphia Eagles Season Tickets (Includes Tickets To All Regular Season Home Games),2026-09-07T23:59:00,Lincoln Financial Field,36,488.75,34902.19,
2026-06-06T12:55:01Z,160286427,"San Antonio Spurs at New York Knicks: NBA Finals (Home Game 1, Series Game 3)",2026-06-08T20:30:00,Madison Square Garden,178,9702.0,177440.21,Hottest event
2026-06-06T12:55:01Z,160286428,"San Antonio Spurs at New York Knicks: NBA Finals (Home Game 2, Series Game 4)",2026-06-10T20:30:00,Madison Square Garden,157,12306.03,195861.87,
2026-06-06T12:55:01Z,160287601,"New York Knicks at San Antonio Spurs: NBA Finals  (Home Game 3, Series Game 5, If Necessary)",2026-06-13T19:30:00,Frost Bank Center (Formerly AT&T Center),124,2025.75,89029.63,
2026-06-06T12:55:01Z,160286423,"San Antonio Spurs at New York Knicks: NBA Finals  (Home Game 3, Series Game 6, If Necessary)",2026-06-16T20:30:00,Madison Square Garden,209,11248.25,1071002.75,
2026-06-06T12:55:01Z,160287600,"New York Knicks at San Antonio Spurs: NBA Finals  (Home Game 4, Series Game 7, If Necessary)",2026-06-19T19:30:00,Frost Bank Center (Formerly AT&T Center),85,2882.73,421500.75,
2026-06-06T13:59:39Z,160286427,"San Antonio Spurs at New York Knicks: NBA Finals (Home Game 1, Series Game 3)",2026-06-08T20:30:00,Madison Square Garden,168,9383.75,177440.21,Hottest event
2026-06-06T13:59:39Z,160286428,"San Antonio Spurs at New York Knicks: NBA Finals (Home Game 2, Series Game 4)",2026-06-10T20:30:00,Madison Square Garden,161,12441.08,195861.87,
2026-06-06T13:59:39Z,160287601,"New York Knicks at San Antonio Spurs: NBA Finals  (Home Game 3, Series Game 5, If Necessary)",2026-06-13T19:30:00,Frost Bank Center (Formerly AT&T Center),155,2025.75,89029.63,Best value
2026-06-06T13:59:39Z,160286423,"San Antonio Spurs at New York Knicks: NBA Finals  (Home Game 3, Series Game 6, If Necessary)",2026-06-16T20:30:00,Madison Square Garden,207,11248.25,1071002.75,
2026-06-06T13:59:39Z,160287600,"New York Knicks at San Antonio Spurs: NBA Finals  (Home Game 4, Series Game 7, If Necessary)",2026-06-19T19:30:00,Frost Bank Center (Formerly AT&T Center),84,2882.73,421500.75,
2026-06-06T14:23:14Z,160286427,"San Antonio Spurs at New York Knicks: NBA Finals (Home Game 1, Series Game 3)",2026-06-08T20:30:00,Madison Square Garden,177,9914.4,177440.21,Hottest event
2026-06-06T14:23:14Z,160286428,"San Antonio Spurs at New York Knicks: NBA Finals (Home Game 2, Series Game 4)",2026-06-10T20:30:00,Madison Square Garden,161,12441.08,195861.87,
2026-06-06T14:23:14Z,160287601,"New York Knicks at San Antonio Spurs: NBA Finals  (Home Game 3, Series Game 5, If Necessary)",2026-06-13T19:30:00,Frost Bank Center (Formerly AT&T Center),156,2025.75,89029.63,
2026-06-06T14:23:14Z,160286423,"San Antonio Spurs at New York Knicks: NBA Finals  (Home Game 3, Series Game 6, If Necessary)",2026-06-16T20:30:00,Madison Square Garden,207,11248.25,1071002.75,
2026-06-06T14:23:14Z,160287600,"New York Knicks at San Antonio Spurs: NBA Finals  (Home Game 4, Series Game 7, If Necessary)",2026-06-19T19:30:00,Frost Bank Center (Formerly AT&T Center),85,2882.73,421500.75,
2026-06-06T14:23:14Z,158989183,96th MLB All-Star Game,2026-07-14T20:00:00,Citizens Bank Park,383,600.37,267752.75,
2026-06-06T16:00:27Z,160286427,"San Antonio Spurs at New York Knicks: NBA Finals (Home Game 1, Series Game 3)",2026-06-08T20:30:00,Madison Square Garden,183,9979.11,178943.92,Hottest event
2026-06-06T16:00:27Z,160286428,"San Antonio Spurs at New York Knicks: NBA Finals (Home Game 2, Series Game 4)",2026-06-10T20:30:00,Madison Square Garden,169,11949.75,195861.87,
2026-06-06T16:00:27Z,160286423,"San Antonio Spurs at New York Knicks: NBA Finals  (Home Game 3, Series Game 6, If Necessary)",2026-06-16T20:30:00,Madison Square Garden,210,11426.75,267752.75,
2026-06-06T16:00:27Z,160287601,"New York Knicks at San Antonio Spurs: NBA Finals  (Home Game 3, Series Game 5, If Necessary)",2026-06-13T19:30:00,Frost Bank Center (Formerly AT&T Center),115,2192.35,89029.63,
2026-06-06T16:00:27Z,160287600,"New York Knicks at San Antonio Spurs: NBA Finals  (Home Game 4, Series Game 7, If Necessary)",2026-06-19T19:30:00,Frost Bank Center (Formerly AT&T Center),82,3464.5,421500.75,
2026-06-06T17:22:35Z,160286427,"San Antonio Spurs at New York Knicks: NBA Finals (Home Game 1, Series Game 3)",2026-06-08T20:30:00,Madison Square Garden,191,8498.75,104796.6,Hottest event
2026-06-06T17:22:35Z,160286428,"San Antonio Spurs at New York Knicks: NBA Finals (Home Game 2, Series Game 4)",2026-06-10T20:30:00,Madison Square Garden,165,11545.75,195861.87,
2026-06-06T17:22:35Z,160287601,"New York Knicks at San Antonio Spurs: NBA Finals  (Home Game 3, Series Game 5, If Necessary)",2026-06-13T19:30:00,Frost Bank Center (Formerly AT&T Center),117,1841.3,89029.63,
2026-06-06T17:22:35Z,160286423,"San Antonio Spurs at New York Knicks: NBA Finals  (Home Game 3, Series Game 6, If Necessary)",2026-06-16T20:30:00,Madison Square Garden,208,11248.25,267752.75,
2026-06-06T17:22:35Z,160287600,"New York Knicks at San Antonio Spurs: NBA Finals  (Home Game 4, Series Game 7, If Necessary)",2026-06-19T19:30:00,Frost Bank Center (Formerly AT&T Center),83,3464.5,421500.75,
2026-06-06T17:55:58Z,160286427,"San Antonio Spurs at New York Knicks: NBA Finals (Home Game 1, Series Game 3)",2026-06-08T20:30:00,Madison Square Garden,201,8517.2,344119.01,Hottest event
2026-06-06T17:55:58Z,160286428,"San Antonio Spurs at New York Knicks: NBA Finals (Home Game 2, Series Game 4)",2026-06-10T20:30:00,Madison Square Garden,163,11545.75,195861.87,
2026-06-06T17:55:58Z,160287601,"New York Knicks at San Antonio Spurs: NBA Finals  (Home Game 3, Series Game 5, If Necessary)",2026-06-13T19:30:00,Frost Bank Center (Formerly AT&T Center),117,1963.91,89029.63,
2026-06-06T17:55:58Z,160286423,"San Antonio Spurs at New York Knicks: NBA Finals  (Home Game 3, Series Game 6, If Necessary)",2026-06-16T20:30:00,Madison Square Garden,208,11248.25,267752.75,
2026-06-06T17:55:58Z,160287600,"New York Knicks at San Antonio Spurs: NBA Finals  (Home Game 4, Series Game 7, If Necessary)",2026-06-19T19:30:00,Frost Bank Center (Formerly AT&T Center),84,3464.5,421500.75,
2026-06-06T18:47:49Z,160286427,"San Antonio Spurs at New York Knicks: NBA Finals (Home Game 1, Series Game 3)",2026-06-08T20:30:00,Madison Square Garden,197,9106.25,344119.01,Hottest event
2026-06-06T18:47:49Z,160286428,"San Antonio Spurs at New York Knicks: NBA Finals (Home Game 2, Series Game 4)",2026-06-10T20:30:00,Madison Square Garden,160,11949.75,195861.87,
2026-06-06T18:47:49Z,160286423,"San Antonio Spurs at New York Knicks: NBA Finals  (Home Game 3, Series Game 6, If Necessary)",2026-06-16T20:30:00,Madison Square Garden,208,11248.25,267752.75,
2026-06-06T18:47:49Z,160287601,"New York Knicks at San Antonio Spurs: NBA Finals  (Home Game 3, Series Game 5, If Necessary)",2026-06-13T19:30:00,Frost Bank Center (Formerly AT&T Center),117,1906.19,89029.63,Best value
2026-06-06T18:47:49Z,160287600,"New York Knicks at San Antonio Spurs: NBA Finals  (Home Game 4, Series Game 7, If Necessary)",2026-06-19T19:30:00,Frost Bank Center (Formerly AT&T Center),83,3464.5,421500.75,
2026-06-06T18:53:55Z,160286427,"San Antonio Spurs at New York Knicks: NBA Finals (Home Game 1, Series Game 3)",2026-06-08T20:30:00,Madison Square Garden,204,9106.25,344119.01,Hottest event
2026-06-06T18:53:55Z,160286428,"San Antonio Spurs at New York Knicks: NBA Finals (Home Game 2, Series Game 4)",2026-06-10T20:30:00,Madison Square Garden,159,11949.75,195861.87,
2026-06-06T18:53:55Z,160287601,"New York Knicks at San Antonio Spurs: NBA Finals  (Home Game 3, Series Game 5, If Necessary)",2026-06-13T19:30:00,Frost Bank Center (Formerly AT&T Center),118,1848.48,89029.63,
2026-06-06T18:53:55Z,160286423,"San Antonio Spurs at New York Knicks: NBA Finals  (Home Game 3, Series Game 6, If Necessary)",2026-06-16T20:30:00,Madison Square Garden,208,11248.25,267752.75,
2026-06-06T18:53:55Z,160287600,"New York Knicks at San Antonio Spurs: NBA Finals  (Home Game 4, Series Game 7, If Necessary)",2026-06-19T19:30:00,Frost Bank Center (Formerly AT&T Center),83,3464.5,421500.75,
2026-06-06T20:03:31Z,160286427,"San Antonio Spurs at New York Knicks: NBA Finals (Home Game 1, Series Game 3)",2026-06-08T20:30:00,Madison Square Garden,206,9522.75,344119.01,Hottest event
2026-06-06T20:03:31Z,160286428,"San Antonio Spurs at New York Knicks: NBA Finals (Home Game 2, Series Game 4)",2026-06-10T20:30:00,Madison Square Garden,173,11545.75,195861.87,
2026-06-06T20:03:31Z,160287601,"New York Knicks at San Antonio Spurs: NBA Finals  (Home Game 3, Series Game 5, If Necessary)",2026-06-13T19:30:00,Frost Bank Center (Formerly AT&T Center),110,2144.75,89029.63,
2026-06-06T20:03:31Z,160286423,"San Antonio Spurs at New York Knicks: NBA Finals  (Home Game 3, Series Game 6, If Necessary)",2026-06-16T20:30:00,Madison Square Garden,210,11010.25,267752.75,
2026-06-06T20:03:31Z,160287600,"New York Knicks at San Antonio Spurs: NBA Finals  (Home Game 4, Series Game 7, If Necessary)",2026-06-19T19:30:00,Frost Bank Center (Formerly AT&T Center),83,3464.5,421500.75,
2026-06-06T20:46:26Z,160286427,"San Antonio Spurs at New York Knicks: NBA Finals (Home Game 1, Series Game 3)",2026-06-08T20:30:00,Madison Square Garden,201,8892.05,344119.01,Hottest event
2026-06-06T20:46:26Z,160286428,"San Antonio Spurs at New York Knicks: NBA Finals (Home Game 2, Series Game 4)",2026-06-10T20:30:00,Madison Square Garden,175,11545.75,195861.87,
2026-06-06T20:46:26Z,160286423,"San Antonio Spurs at New York Knicks: NBA Finals  (Home Game 3, Series Game 6, If Necessary)",2026-06-16T20:30:00,Madison Square Garden,210,11010.25,267752.75,
2026-06-06T20:46:26Z,160287601,"New York Knicks at San Antonio Spurs: NBA Finals  (Home Game 3, Series Game 5, If Necessary)",2026-06-13T19:30:00,Frost Bank Center (Formerly AT&T Center),109,2144.75,89029.63,
2026-06-06T20:46:26Z,160287600,"New York Knicks at San Antonio Spurs: NBA Finals  (Home Game 4, Series Game 7, If Necessary)",2026-06-19T19:30:00,Frost Bank Center (Formerly AT&T Center),83,3464.5,421500.75,
2026-06-06T21:13:31Z,160286427,"San Antonio Spurs at New York Knicks: NBA Finals (Home Game 1, Series Game 3)",2026-06-08T20:30:00,Madison Square Garden,203,9135.5,355685.95,Hottest event
2026-06-06T21:13:31Z,160286428,"San Antonio Spurs at New York Knicks: NBA Finals (Home Game 2, Series Game 4)",2026-06-10T20:30:00,Madison Square Garden,171,12302.63,202445.37,
2026-06-06T21:13:31Z,160286423,"San Antonio Spurs at New York Knicks: NBA Finals  (Home Game 3, Series Game 6, If Necessary)",2026-06-16T20:30:00,Madison Square Garden,212,11380.25,276752.75,
2026-06-06T21:13:31Z,160287601,"New York Knicks at San Antonio Spurs: NBA Finals  (Home Game 3, Series Game 5, If Necessary)",2026-06-13T19:30:00,Frost Bank Center (Formerly AT&T Center),109,2216.75,92022.13,
2026-06-06T21:13:31Z,160287600,"New York Knicks at San Antonio Spurs: NBA Finals  (Home Game 4, Series Game 7, If Necessary)",2026-06-19T19:30:00,Frost Bank Center (Formerly AT&T Center),83,3580.86,435668.75,
2026-06-06T21:50:28Z,160286427,"San Antonio Spurs at New York Knicks: NBA Finals (Home Game 1, Series Game 3)",2026-06-08T20:30:00,Madison Square Garden,199,8658.05,341227.28,Hottest event
2026-06-06T21:50:28Z,160286428,"San Antonio Spurs at New York Knicks: NBA Finals (Home Game 2, Series Game 4)",2026-06-10T20:30:00,Madison Square Garden,172,11902.63,195861.87,
2026-06-06T21:50:28Z,160286423,"San Antonio Spurs at New York Knicks: NBA Finals  (Home Game 3, Series Game 6, If Necessary)",2026-06-16T20:30:00,Madison Square Garden,211,11010.25,267752.75,
2026-06-06T21:50:28Z,160287601,"New York Knicks at San Antonio Spurs: NBA Finals  (Home Game 3, Series Game 5, If Necessary)",2026-06-13T19:30:00,Frost Bank Center (Formerly AT&T Center),106,2144.75,89029.63,
2026-06-06T21:50:28Z,160287600,"New York Knicks at San Antonio Spurs: NBA Finals  (Home Game 4, Series Game 7, If Necessary)",2026-06-19T19:30:00,Frost Bank Center (Formerly AT&T Center),83,3464.5,421500.75,
2026-06-06T22:43:31Z,160286427,"San Antonio Spurs at New York Knicks: NBA Finals (Home Game 1, Series Game 3)",2026-06-08T20:30:00,Madison Square Garden,203,9244.85,364361.15,Hottest event
2026-06-06T22:43:31Z,160286428,"San Antonio Spurs at New York Knicks: NBA Finals (Home Game 2, Series Game 4)",2026-06-10T20:30:00,Madison Square Garden,173,12602.62,207383.0,
2026-06-06T22:43:31Z,160286423,"San Antonio Spurs at New York Knicks: NBA Finals  (Home Game 3, Series Game 6, If Necessary)",2026-06-16T20:30:00,Madison Square Garden,212,11657.75,283502.75,
2026-06-06T22:43:31Z,160287601,"New York Knicks at San Antonio Spurs: NBA Finals  (Home Game 3, Series Game 5, If Necessary)",2026-06-13T19:30:00,Frost Bank Center (Formerly AT&T Center),101,2208.38,94266.5,
2026-06-06T22:43:31Z,160287600,"New York Knicks at San Antonio Spurs: NBA Finals  (Home Game 4, Series Game 7, If Necessary)",2026-06-19T19:30:00,Frost Bank Center (Formerly AT&T Center),83,3668.13,446294.75,
2026-06-06T23:12:30Z,160286427,"San Antonio Spurs at New York Knicks: NBA Finals (Home Game 1, Series Game 3)",2026-06-08T20:30:00,Madison Square Garden,207,8731.4,344119.01,Hottest event
2026-06-06T23:12:30Z,160286428,"San Antonio Spurs at New York Knicks: NBA Finals (Home Game 2, Series Game 4)",2026-06-10T20:30:00,Madison Square Garden,174,11902.63,195861.87,
2026-06-06T23:12:30Z,160287601,"New York Knicks at San Antonio Spurs: NBA Finals  (Home Game 3, Series Game 5, If Necessary)",2026-06-13T19:30:00,Frost Bank Center (Formerly AT&T Center),102,2144.75,89029.63,
2026-06-06T23:12:30Z,160286423,"San Antonio Spurs at New York Knicks: NBA Finals  (Home Game 3, Series Game 6, If Necessary)",2026-06-16T20:30:00,Madison Square Garden,218,10665.15,267752.75,
2026-06-06T23:12:30Z,160287600,"New York Knicks at San Antonio Spurs: NBA Finals  (Home Game 4, Series Game 7, If Necessary)",2026-06-19T19:30:00,Frost Bank Center (Formerly AT&T Center),83,3464.5,421500.75,
2026-06-06T23:49:50Z,160286427,"San Antonio Spurs at New York Knicks: NBA Finals (Home Game 1, Series Game 3)",2026-06-08T20:30:00,Madison Square Garden,203,9214.23,364361.15,Hottest event
2026-06-06T23:49:50Z,160286428,"San Antonio Spurs at New York Knicks: NBA Finals (Home Game 2, Series Game 4)",2026-06-10T20:30:00,Madison Square Garden,175,12349.74,207383.0,
2026-06-06T23:49:50Z,160286423,"San Antonio Spurs at New York Knicks: NBA Finals  (Home Game 3, Series Game 6, If Necessary)",2026-06-16T20:30:00,Madison Square Garden,218,11292.35,283502.75,
2026-06-06T23:49:50Z,160287601,"New York Knicks at San Antonio Spurs: NBA Finals  (Home Game 3, Series Game 5, If Necessary)",2026-06-13T19:30:00,Frost Bank Center (Formerly AT&T Center),104,2208.38,94266.5,
2026-06-06T23:49:50Z,160287600,"New York Knicks at San Antonio Spurs: NBA Finals  (Home Game 4, Series Game 7, If Necessary)",2026-06-19T19:30:00,Frost Bank Center (Formerly AT&T Center),83,3668.13,446294.75,
2026-06-07T01:54:35Z,160286427,"San Antonio Spurs at New York Knicks: NBA Finals (Home Game 1, Series Game 3)",2026-06-08T20:30:00,Madison Square Garden,203,8775.59,347010.75,Hottest event
2026-06-07T01:54:35Z,160286428,"San Antonio Spurs at New York Knicks: NBA Finals (Home Game 2, Series Game 4)",2026-06-10T20:30:00,Madison Square Garden,181,10811.39,197507.75,
2026-06-07T01:54:35Z,160286423,"San Antonio Spurs at New York Knicks: NBA Finals  (Home Game 3, Series Game 6, If Necessary)",2026-06-16T20:30:00,Madison Square Garden,220,10754.75,270002.75,
2026-06-07T01:54:35Z,160287601,"New York Knicks at San Antonio Spurs: NBA Finals  (Home Game 3, Series Game 5, If Necessary)",2026-06-13T19:30:00,Frost Bank Center (Formerly AT&T Center),107,2054.75,89777.75,
2026-06-07T01:54:35Z,160287600,"New York Knicks at San Antonio Spurs: NBA Finals  (Home Game 4, Series Game 7, If Necessary)",2026-06-19T19:30:00,Frost Bank Center (Formerly AT&T Center),84,3493.59,425042.75,
2026-06-07T04:42:21Z,160286427,"San Antonio Spurs at New York Knicks: NBA Finals (Home Game 1, Series Game 3)",2026-06-08T20:30:00,Madison Square Garden,213,8443.22,373036.35,Hottest event
2026-06-07T04:42:21Z,160286428,"San Antonio Spurs at New York Knicks: NBA Finals (Home Game 2, Series Game 4)",2026-06-10T20:30:00,Madison Square Garden,199,11622.04,212320.63,
2026-06-07T04:42:21Z,160287601,"New York Knicks at San Antonio Spurs: NBA Finals  (Home Game 3, Series Game 5, If Necessary)",2026-06-13T19:30:00,Frost Bank Center (Formerly AT&T Center),115,2004.83,96510.87,
2026-06-07T04:42:21Z,160286423,"San Antonio Spurs at New York Knicks: NBA Finals  (Home Game 3, Series Game 6, If Necessary)",2026-06-16T20:30:00,Madison Square Garden,215,11561.15,290252.75,
2026-06-07T04:42:21Z,160287600,"New York Knicks at San Antonio Spurs: NBA Finals  (Home Game 4, Series Game 7, If Necessary)",2026-06-19T19:30:00,Frost Bank Center (Formerly AT&T Center),90,4194.61,456920.75,
2026-06-07T05:16:26Z,160286427,"San Antonio Spurs at New York Knicks: NBA Finals (Home Game 1, Series Game 3)",2026-06-08T20:30:00,Madison Square Garden,212,9236.75,390386.75,Hottest event
2026-06-07T05:16:26Z,160286428,"San Antonio Spurs at New York Knicks: NBA Finals (Home Game 2, Series Game 4)",2026-06-10T20:30:00,Madison Square Garden,198,12162.47,222195.87,
2026-06-07T05:16:26Z,160286423,"San Antonio Spurs at New York Knicks: NBA Finals  (Home Game 3, Series Game 6, If Necessary)",2026-06-16T20:30:00,Madison Square Garden,217,12098.75,303752.75,
2026-06-07T05:16:26Z,160287601,"New York Knicks at San Antonio Spurs: NBA Finals  (Home Game 3, Series Game 5, If Necessary)",2026-06-13T19:30:00,Frost Bank Center (Formerly AT&T Center),115,2097.95,100999.63,
2026-06-07T05:16:26Z,160287600,"New York Knicks at San Antonio Spurs: NBA Finals  (Home Game 4, Series Game 7, If Necessary)",2026-06-19T19:30:00,Frost Bank Center (Formerly AT&T Center),90,4389.57,478172.75,
2026-06-07T07:45:54Z,160286427,"San Antonio Spurs at New York Knicks: NBA Finals (Home Game 1, Series Game 3)",2026-06-08T20:30:00,Madison Square Garden,213,8570.75,344119.01,Hottest event
2026-06-07T07:45:54Z,160286428,"San Antonio Spurs at New York Knicks: NBA Finals (Home Game 2, Series Game 4)",2026-06-10T20:30:00,Madison Square Garden,195,10721.32,195861.87,
2026-06-07T07:45:54Z,160286423,"San Antonio Spurs at New York Knicks: NBA Finals  (Home Game 3, Series Game 6, If Necessary)",2026-06-16T20:30:00,Madison Square Garden,215,10665.15,267752.75,
2026-06-07T07:45:54Z,160287601,"New York Knicks at San Antonio Spurs: NBA Finals  (Home Game 3, Series Game 5, If Necessary)",2026-06-13T19:30:00,Frost Bank Center (Formerly AT&T Center),115,1941.97,89029.63,
2026-06-07T07:45:54Z,160287600,"New York Knicks at San Antonio Spurs: NBA Finals  (Home Game 4, Series Game 7, If Necessary)",2026-06-19T19:30:00,Frost Bank Center (Formerly AT&T Center),88,4256.35,421500.75,
2026-06-07T09:27:44Z,160286427,"San Antonio Spurs at New York Knicks: NBA Finals (Home Game 1, Series Game 3)",2026-06-08T20:30:00,Madison Square Garden,212,8858.75,355685.95,Hottest event
2026-06-07T09:27:44Z,160286428,"San Antonio Spurs at New York Knicks: NBA Finals (Home Game 2, Series Game 4)",2026-06-10T20:30:00,Madison Square Garden,195,11081.61,202445.37,
2026-06-07T09:27:44Z,160286423,"San Antonio Spurs at New York Knicks: NBA Finals  (Home Game 3, Series Game 6, If Necessary)",2026-06-16T20:30:00,Madison Square Garden,215,11023.55,276752.75,
2026-06-07T09:27:44Z,160287601,"New York Knicks at San Antonio Spurs: NBA Finals  (Home Game 3, Series Game 5, If Necessary)",2026-06-13T19:30:00,Frost Bank Center (Formerly AT&T Center),115,2007.16,92022.13,
2026-06-07T09:27:44Z,160287600,"New York Knicks at San Antonio Spurs: NBA Finals  (Home Game 4, Series Game 7, If Necessary)",2026-06-19T19:30:00,Frost Bank Center (Formerly AT&T Center),88,4399.32,435668.75,
2026-06-07T09:55:50Z,160286427,"San Antonio Spurs at New York Knicks: NBA Finals (Home Game 1, Series Game 3)",2026-06-08T20:30:00,Madison Square Garden,213,8858.75,355685.95,Hottest event
2026-06-07T09:55:50Z,160286428,"San Antonio Spurs at New York Knicks: NBA Finals (Home Game 2, Series Game 4)",2026-06-10T20:30:00,Madison Square Garden,196,11081.61,202445.37,
2026-06-07T09:55:50Z,160287601,"New York Knicks at San Antonio Spurs: NBA Finals  (Home Game 3, Series Game 5, If Necessary)",2026-06-13T19:30:00,Frost Bank Center (Formerly AT&T Center),115,2007.16,92022.13,
2026-06-07T09:55:50Z,160286423,"San Antonio Spurs at New York Knicks: NBA Finals  (Home Game 3, Series Game 6, If Necessary)",2026-06-16T20:30:00,Madison Square Garden,215,11023.55,276752.75,
2026-06-07T09:55:50Z,160287600,"New York Knicks at San Antonio Spurs: NBA Finals  (Home Game 4, Series Game 7, If Necessary)",2026-06-19T19:30:00,Frost Bank Center (Formerly AT&T Center),88,4399.32,435668.75,
2026-06-07T09:55:50Z,158989183,96th MLB All-Star Game,2026-07-14T20:00:00,Citizens Bank Park,389,620.46,276752.75,
2026-06-07T11:56:25Z,160286427,"San Antonio Spurs at New York Knicks: NBA Finals (Home Game 1, Series Game 3)",2026-06-08T20:30:00,Madison Square Garden,214,7959.38,329660.35,Hottest event
2026-06-07T11:56:25Z,160286428,"San Antonio Spurs at New York Knicks: NBA Finals (Home Game 2, Series Game 4)",2026-06-10T20:30:00,Madison Square Garden,197,10270.96,187632.5,
2026-06-07T11:56:25Z,160287601,"New York Knicks at San Antonio Spurs: NBA Finals  (Home Game 3, Series Game 5, If Necessary)",2026-06-13T19:30:00,Frost Bank Center (Formerly AT&T Center),116,1860.49,85289.0,
2026-06-07T11:56:25Z,160286423,"San Antonio Spurs at New York Knicks: NBA Finals  (Home Game 3, Series Game 6, If Necessary)",2026-06-16T20:30:00,Madison Square Garden,215,10217.15,256502.75,
2026-06-07T11:56:25Z,160287600,"New York Knicks at San Antonio Spurs: NBA Finals  (Home Game 4, Series Game 7, If Necessary)",2026-06-19T19:30:00,Frost Bank Center (Formerly AT&T Center),88,4077.62,403790.75,
2026-06-07T12:16:51Z,160286427,"San Antonio Spurs at New York Knicks: NBA Finals (Home Game 1, Series Game 3)",2026-06-08T20:30:00,Madison Square Garden,213,8587.53,355685.95,Hottest event
2026-06-07T12:16:51Z,160286428,"San Antonio Spurs at New York Knicks: NBA Finals (Home Game 2, Series Game 4)",2026-06-10T20:30:00,Madison Square Garden,198,11081.61,202445.37,
2026-06-07T12:16:51Z,160287601,"New York Knicks at San Antonio Spurs: NBA Finals  (Home Game 3, Series Game 5, If Necessary)",2026-06-13T19:30:00,Frost Bank Center (Formerly AT&T Center),116,2007.16,92022.13,
2026-06-07T12:16:51Z,160286423,"San Antonio Spurs at New York Knicks: NBA Finals  (Home Game 3, Series Game 6, If Necessary)",2026-06-16T20:30:00,Madison Square Garden,215,11023.55,276752.75,
2026-06-07T12:16:51Z,160287600,"New York Knicks at San Antonio Spurs: NBA Finals  (Home Game 4, Series Game 7, If Necessary)",2026-06-19T19:30:00,Frost Bank Center (Formerly AT&T Center),88,4536.53,435668.75,
2026-06-07T13:11:36Z,160286427,"San Antonio Spurs at New York Knicks: NBA Finals (Home Game 1, Series Game 3)",2026-06-08T20:30:00,Madison Square Garden,215,8497.69,337815.04,Hottest event
2026-06-07T13:11:36Z,160286428,"San Antonio Spurs at New York Knicks: NBA Finals (Home Game 2, Series Game 4)",2026-06-10T20:30:00,Madison Square Garden,198,10721.32,195861.87,
2026-06-07T13:11:36Z,160286423,"San Antonio Spurs at New York Knicks: NBA Finals  (Home Game 3, Series Game 6, If Necessary)",2026-06-16T20:30:00,Madison Square Garden,215,10665.15,267752.75,
2026-06-07T13:11:36Z,160287601,"New York Knicks at San Antonio Spurs: NBA Finals  (Home Game 3, Series Game 5, If Necessary)",2026-06-13T19:30:00,Frost Bank Center (Formerly AT&T Center),115,1907.35,89029.63,
2026-06-07T13:11:36Z,160287600,"New York Knicks at San Antonio Spurs: NBA Finals  (Home Game 4, Series Game 7, If Necessary)",2026-06-19T19:30:00,Frost Bank Center (Formerly AT&T Center),88,4389.09,421500.75,
2026-06-07T14:35:47Z,160286427,"San Antonio Spurs at New York Knicks: NBA Finals (Home Game 1, Series Game 3)",2026-06-08T20:30:00,Madison Square Garden,218,7981.7,786554.23,Hottest event
2026-06-07T14:35:47Z,160286428,"San Antonio Spurs at New York Knicks: NBA Finals (Home Game 2, Series Game 4)",2026-06-10T20:30:00,Madison Square Garden,201,10721.32,195861.87,
2026-06-07T14:35:47Z,160286423,"San Antonio Spurs at New York Knicks: NBA Finals  (Home Game 3, Series Game 6, If Necessary)",2026-06-16T20:30:00,Madison Square Garden,216,10665.15,267752.75,
2026-06-07T14:35:47Z,160287601,"New York Knicks at San Antonio Spurs: NBA Finals  (Home Game 3, Series Game 5, If Necessary)",2026-06-13T19:30:00,Frost Bank Center (Formerly AT&T Center),121,2057.4,89029.63,
2026-06-07T14:35:47Z,160287600,"New York Knicks at San Antonio Spurs: NBA Finals  (Home Game 4, Series Game 7, If Necessary)",2026-06-19T19:30:00,Frost Bank Center (Formerly AT&T Center),97,4399.06,421500.75,
2026-06-07T15:15:59Z,160286427,"San Antonio Spurs at New York Knicks: NBA Finals (Home Game 1, Series Game 3)",2026-06-08T20:30:00,Madison Square Garden,212,7967.75,100892.75,Hottest event
2026-06-07T15:15:59Z,160286428,"San Antonio Spurs at New York Knicks: NBA Finals (Home Game 2, Series Game 4)",2026-06-10T20:30:00,Madison Square Garden,199,10721.32,195861.87,
2026-06-07T15:15:59Z,160287601,"New York Knicks at San Antonio Spurs: NBA Finals  (Home Game 3, Series Game 5, If Necessary)",2026-06-13T19:30:00,Frost Bank Center (Formerly AT&T Center),123,2057.4,89029.63,
2026-06-07T15:15:59Z,160286423,"San Antonio Spurs at New York Knicks: NBA Finals  (Home Game 3, Series Game 6, If Necessary)",2026-06-16T20:30:00,Madison Square Garden,216,10665.15,267752.75,
2026-06-07T15:15:59Z,160287600,"New York Knicks at San Antonio Spurs: NBA Finals  (Home Game 4, Series Game 7, If Necessary)",2026-06-19T19:30:00,Frost Bank Center (Formerly AT&T Center),97,4399.06,421500.75,
2026-06-07T16:04:38Z,160286427,"San Antonio Spurs at New York Knicks: NBA Finals (Home Game 1, Series Game 3)",2026-06-08T20:30:00,Madison Square Garden,216,7499.75,101747.75,Hottest event
2026-06-07T16:04:38Z,160286428,"San Antonio Spurs at New York Knicks: NBA Finals (Home Game 2, Series Game 4)",2026-06-10T20:30:00,Madison Square Garden,199,10721.32,195861.87,
2026-06-07T16:04:38Z,160286423,"San Antonio Spurs at New York Knicks: NBA Finals  (Home Game 3, Series Game 6, If Necessary)",2026-06-16T20:30:00,Madison Square Garden,211,10665.15,267752.75,
2026-06-07T16:04:38Z,160287601,"New York Knicks at San Antonio Spurs: NBA Finals  (Home Game 3, Series Game 5, If Necessary)",2026-06-13T19:30:00,Frost Bank Center (Formerly AT&T Center),126,1907.35,89029.63,
2026-06-07T16:04:38Z,160287600,"New York Knicks at San Antonio Spurs: NBA Finals  (Home Game 4, Series Game 7, If Necessary)",2026-06-19T19:30:00,Frost Bank Center (Formerly AT&T Center),97,4399.06,421500.75,
2026-06-07T16:58:13Z,160286427,"San Antonio Spurs at New York Knicks: NBA Finals (Home Game 1, Series Game 3)",2026-06-08T20:30:00,Madison Square Garden,215,7364.3,100792.05,Hottest event
2026-06-07T16:58:13Z,160286428,"San Antonio Spurs at New York Knicks: NBA Finals (Home Game 2, Series Game 4)",2026-06-10T20:30:00,Madison Square Garden,175,13721.79,812992.93,
2026-06-07T16:58:13Z,160287601,"New York Knicks at San Antonio Spurs: NBA Finals  (Home Game 3, Series Game 5, If Necessary)",2026-06-13T19:30:00,Frost Bank Center (Formerly AT&T Center),132,1884.69,92022.13,
2026-06-07T16:58:13Z,160286423,"San Antonio Spurs at New York Knicks: NBA Finals  (Home Game 3, Series Game 6, If Necessary)",2026-06-16T20:30:00,Madison Square Garden,186,13005.46,216175.25,
2026-06-07T16:58:13Z,160287600,"New York Knicks at San Antonio Spurs: NBA Finals  (Home Game 4, Series Game 7, If Necessary)",2026-06-19T19:30:00,Frost Bank Center (Formerly AT&T Center),97,4546.84,435668.75,
2026-06-07T17:58:43Z,160286427,"San Antonio Spurs at New York Knicks: NBA Finals (Home Game 1, Series Game 3)",2026-06-08T20:30:00,Madison Square Garden,217,7566.88,112862.75,Hottest event
2026-06-07T17:58:43Z,160286428,"San Antonio Spurs at New York Knicks: NBA Finals (Home Game 2, Series Game 4)",2026-06-10T20:30:00,Madison Square Garden,174,14725.62,872480.02,
2026-06-07T17:58:43Z,160287601,"New York Knicks at San Antonio Spurs: NBA Finals  (Home Game 3, Series Game 5, If Necessary)",2026-06-13T19:30:00,Frost Bank Center (Formerly AT&T Center),132,2211.19,98755.25,
2026-06-07T17:58:43Z,160286423,"San Antonio Spurs at New York Knicks: NBA Finals  (Home Game 3, Series Game 6, If Necessary)",2026-06-16T20:30:00,Madison Square Garden,186,13956.88,231992.75,
2026-06-07T17:58:43Z,160287600,"New York Knicks at San Antonio Spurs: NBA Finals  (Home Game 4, Series Game 7, If Necessary)",2026-06-19T19:30:00,Frost Bank Center (Formerly AT&T Center),96,4879.33,467546.75,
2026-06-07T18:54:22Z,160286427,"San Antonio Spurs at New York Knicks: NBA Finals (Home Game 1, Series Game 3)",2026-06-08T20:30:00,Madison Square Garden,235,6592.41,105167.75,Hottest event
2026-06-07T18:54:22Z,160286428,"San Antonio Spurs at New York Knicks: NBA Finals (Home Game 2, Series Game 4)",2026-06-10T20:30:00,Madison Square Garden,177,12403.83,802577.17,
2026-06-07T18:54:22Z,160286423,"San Antonio Spurs at New York Knicks: NBA Finals  (Home Game 3, Series Game 6, If Necessary)",2026-06-16T20:30:00,Madison Square Garden,186,12828.57,216175.25,
2026-06-07T18:54:22Z,160287601,"New York Knicks at San Antonio Spurs: NBA Finals  (Home Game 3, Series Game 5, If Necessary)",2026-06-13T19:30:00,Frost Bank Center (Formerly AT&T Center),132,2014.08,92022.13,
2026-06-07T18:54:22Z,160287600,"New York Knicks at San Antonio Spurs: NBA Finals  (Home Game 4, Series Game 7, If Necessary)",2026-06-19T19:30:00,Frost Bank Center (Formerly AT&T Center),95,4546.84,435668.75,
2026-06-07T19:44:45Z,160286427,"San Antonio Spurs at New York Knicks: NBA Finals (Home Game 1, Series Game 3)",2026-06-08T20:30:00,Madison Square Garden,222,6351.4,101747.75,Hottest event
2026-06-07T19:44:45Z,160286428,"San Antonio Spurs at New York Knicks: NBA Finals (Home Game 2, Series Game 4)",2026-06-10T20:30:00,Madison Square Garden,187,11429.77,776477.19,
2026-06-07T19:44:45Z,160286423,"San Antonio Spurs at New York Knicks: NBA Finals  (Home Game 3, Series Game 6, If Necessary)",2026-06-16T20:30:00,Madison Square Garden,186,12411.47,209145.25,
2026-06-07T19:44:45Z,160287601,"New York Knicks at San Antonio Spurs: NBA Finals  (Home Game 3, Series Game 5, If Necessary)",2026-06-13T19:30:00,Frost Bank Center (Formerly AT&T Center),130,1929.59,89029.63,
2026-06-07T19:44:45Z,160287600,"New York Knicks at San Antonio Spurs: NBA Finals  (Home Game 4, Series Game 7, If Necessary)",2026-06-19T19:30:00,Frost Bank Center (Formerly AT&T Center),96,4399.06,421500.75,
2026-06-07T20:05:25Z,160286427,"San Antonio Spurs at New York Knicks: NBA Finals (Home Game 1, Series Game 3)",2026-06-08T20:30:00,Madison Square Garden,230,5827.68,97472.75,Hottest event
2026-06-07T20:05:25Z,160286428,"San Antonio Spurs at New York Knicks: NBA Finals (Home Game 2, Series Game 4)",2026-06-10T20:30:00,Madison Square Garden,189,10690.07,743852.21,
2026-06-07T20:05:25Z,160286423,"San Antonio Spurs at New York Knicks: NBA Finals  (Home Game 3, Series Game 6, If Necessary)",2026-06-16T20:30:00,Madison Square Garden,185,11161.36,200357.75,
2026-06-07T20:05:25Z,160287601,"New York Knicks at San Antonio Spurs: NBA Finals  (Home Game 3, Series Game 5, If Necessary)",2026-06-13T19:30:00,Frost Bank Center (Formerly AT&T Center),130,1848.63,85289.0,
2026-06-07T20:05:25Z,160287600,"New York Knicks at San Antonio Spurs: NBA Finals  (Home Game 4, Series Game 7, If Necessary)",2026-06-19T19:30:00,Frost Bank Center (Formerly AT&T Center),96,4214.34,403790.75,
2026-06-07T20:21:36Z,160286427,"San Antonio Spurs at New York Knicks: NBA Finals (Home Game 1, Series Game 3)",2026-06-08T20:30:00,Madison Square Garden,235,6362.95,100892.75,Hottest event
2026-06-07T20:21:36Z,160286428,"San Antonio Spurs at New York Knicks: NBA Finals (Home Game 2, Series Game 4)",2026-06-10T20:30:00,Madison Square Garden,191,10711.52,776477.19,
2026-06-07T20:21:36Z,160286423,"San Antonio Spurs at New York Knicks: NBA Finals  (Home Game 3, Series Game 6, If Necessary)",2026-06-16T20:30:00,Madison Square Garden,186,11650.77,209145.25,
2026-06-07T20:21:36Z,160287601,"New York Knicks at San Antonio Spurs: NBA Finals  (Home Game 3, Series Game 5, If Necessary)",2026-06-13T19:30:00,Frost Bank Center (Formerly AT&T Center),130,1929.59,89029.63,
2026-06-07T20:21:36Z,160287600,"New York Knicks at San Antonio Spurs: NBA Finals  (Home Game 4, Series Game 7, If Necessary)",2026-06-19T19:30:00,Frost Bank Center (Formerly AT&T Center),96,4399.06,421500.75,
2026-06-07T21:21:23Z,160286427,"San Antonio Spurs at New York Knicks: NBA Finals (Home Game 1, Series Game 3)",2026-06-08T20:30:00,Madison Square Garden,241,6252.03,97514.35,Hottest event
2026-06-07T21:21:23Z,160286428,"San Antonio Spurs at New York Knicks: NBA Finals (Home Game 2, Series Game 4)",2026-06-10T20:30:00,Madison Square Garden,198,72.9,776477.19,
2026-06-07T21:21:23Z,160286423,"San Antonio Spurs at New York Knicks: NBA Finals  (Home Game 3, Series Game 6, If Necessary)",2026-06-16T20:30:00,Madison Square Garden,188,11650.77,209145.25,
2026-06-07T21:21:23Z,160287601,"New York Knicks at San Antonio Spurs: NBA Finals  (Home Game 3, Series Game 5, If Necessary)",2026-06-13T19:30:00,Frost Bank Center (Formerly AT&T Center),129,1999.69,89029.63,
2026-06-07T21:21:23Z,160287600,"New York Knicks at San Antonio Spurs: NBA Finals  (Home Game 4, Series Game 7, If Necessary)",2026-06-19T19:30:00,Frost Bank Center (Formerly AT&T Center),95,4399.06,421500.75,
2026-06-07T21:54:09Z,160286427,"San Antonio Spurs at New York Knicks: NBA Finals (Home Game 1, Series Game 3)",2026-06-08T20:30:00,Madison Square Garden,241,6102.09,97514.35,Hottest event
2026-06-07T21:54:09Z,160286428,"San Antonio Spurs at New York Knicks: NBA Finals (Home Game 2, Series Game 4)",2026-06-10T20:30:00,Madison Square Garden,195,10477.59,783002.19,
2026-06-07T21:54:09Z,160286423,"San Antonio Spurs at New York Knicks: NBA Finals  (Home Game 3, Series Game 6, If Necessary)",2026-06-16T20:30:00,Madison Square Garden,191,11748.65,210902.75,
2026-06-07T21:54:09Z,160287601,"New York Knicks at San Antonio Spurs: NBA Finals  (Home Game 3, Series Game 5, If Necessary)",2026-06-13T19:30:00,Frost Bank Center (Formerly AT&T Center),129,2016.47,89777.75,
2026-06-07T21:54:09Z,160287600,"New York Knicks at San Antonio Spurs: NBA Finals  (Home Game 4, Series Game 7, If Necessary)",2026-06-19T19:30:00,Frost Bank Center (Formerly AT&T Center),95,4436.01,425042.75,
2026-06-07T22:43:35Z,160286427,"San Antonio Spurs at New York Knicks: NBA Finals (Home Game 1, Series Game 3)",2026-06-08T20:30:00,Madison Square Garden,255,6796.63,105708.6,Hottest event
2026-06-07T22:43:35Z,160286428,"San Antonio Spurs at New York Knicks: NBA Finals (Home Game 2, Series Game 4)",2026-06-10T20:30:00,Madison Square Garden,203,11263.2,841727.14,
2026-06-07T22:43:35Z,160287601,"New York Knicks at San Antonio Spurs: NBA Finals  (Home Game 3, Series Game 5, If Necessary)",2026-06-13T19:30:00,Frost Bank Center (Formerly AT&T Center),133,2205.04,96510.87,
2026-06-07T22:43:35Z,160286423,"San Antonio Spurs at New York Knicks: NBA Finals  (Home Game 3, Series Game 6, If Necessary)",2026-06-16T20:30:00,Madison Square Garden,190,12629.59,226720.25,
2026-06-07T22:43:35Z,160287600,"New York Knicks at San Antonio Spurs: NBA Finals  (Home Game 4, Series Game 7, If Necessary)",2026-06-19T19:30:00,Frost Bank Center (Formerly AT&T Center),94,4768.5,456920.75,
2026-06-07T23:13:05Z,160286427,"San Antonio Spurs at New York Knicks: NBA Finals (Home Game 1, Series Game 3)",2026-06-08T20:30:00,Madison Square Garden,229,6068.87,97514.35,Hottest event
2026-06-07T23:13:05Z,160286428,"San Antonio Spurs at New York Knicks: NBA Finals (Home Game 2, Series Game 4)",2026-06-10T20:30:00,Madison Square Garden,201,10390.3,776477.19,
2026-06-07T23:13:05Z,160286423,"San Antonio Spurs at New York Knicks: NBA Finals  (Home Game 3, Series Game 6, If Necessary)",2026-06-16T20:30:00,Madison Square Garden,190,11650.77,209145.25,
2026-06-07T23:13:05Z,160287601,"New York Knicks at San Antonio Spurs: NBA Finals  (Home Game 3, Series Game 5, If Necessary)",2026-06-13T19:30:00,Frost Bank Center (Formerly AT&T Center),134,2034.32,89029.63,
2026-06-07T23:13:05Z,160287600,"New York Knicks at San Antonio Spurs: NBA Finals  (Home Game 4, Series Game 7, If Necessary)",2026-06-19T19:30:00,Frost Bank Center (Formerly AT&T Center),94,4399.06,421500.75,
2026-06-07T23:51:38Z,160286427,"San Antonio Spurs at New York Knicks: NBA Finals (Home Game 1, Series Game 3)",2026-06-08T20:30:00,Madison Square Garden,232,5899.68,97514.35,Hottest event
2026-06-07T23:51:38Z,160286428,"San Antonio Spurs at New York Knicks: NBA Finals (Home Game 2, Series Game 4)",2026-06-10T20:30:00,Madison Square Garden,205,10390.3,776477.19,
2026-06-07T23:51:38Z,160287601,"New York Knicks at San Antonio Spurs: NBA Finals  (Home Game 3, Series Game 5, If Necessary)",2026-06-13T19:30:00,Frost Bank Center (Formerly AT&T Center),147,2034.32,89029.63,
2026-06-07T23:51:38Z,160286423,"San Antonio Spurs at New York Knicks: NBA Finals  (Home Game 3, Series Game 6, If Necessary)",2026-06-16T20:30:00,Madison Square Garden,191,11650.77,209145.25,
2026-06-07T23:51:38Z,160287600,"New York Knicks at San Antonio Spurs: NBA Finals  (Home Game 4, Series Game 7, If Necessary)",2026-06-19T19:30:00,Frost Bank Center (Formerly AT&T Center),94,4399.06,421500.75,
2026-06-08T01:58:14Z,160286427,"San Antonio Spurs at New York Knicks: NBA Finals (Home Game 1, Series Game 3)",2026-06-08T20:30:00,Madison Square Garden,274,4984.25,171765.02,Hottest event
2026-06-08T01:58:14Z,160286428,"San Antonio Spurs at New York Knicks: NBA Finals (Home Game 2, Series Game 4)",2026-06-10T20:30:00,Madison Square Garden,202,10526.95,802577.17,
2026-06-08T01:58:14Z,160286423,"San Antonio Spurs at New York Knicks: NBA Finals  (Home Game 3, Series Game 6, If Necessary)",2026-06-16T20:30:00,Madison Square Garden,191,11874.09,216175.25,
2026-06-08T01:58:14Z,160287601,"New York Knicks at San Antonio Spurs: NBA Finals  (Home Game 3, Series Game 5, If Necessary)",2026-06-13T19:30:00,Frost Bank Center (Formerly AT&T Center),157,2002.41,92022.13,
2026-06-08T01:58:14Z,160287600,"New York Knicks at San Antonio Spurs: NBA Finals  (Home Game 4, Series Game 7, If Necessary)",2026-06-19T19:30:00,Frost Bank Center (Formerly AT&T Center),94,4546.84,435668.75,
2026-06-08T04:45:29Z,160286427,"San Antonio Spurs at New York Knicks: NBA Finals (Home Game 1, Series Game 3)",2026-06-08T20:30:00,Madison Square Garden,273,4935.74,325952.42,Hottest event
2026-06-08T04:45:29Z,160286428,"San Antonio Spurs at New York Knicks: NBA Finals (Home Game 2, Series Game 4)",2026-06-10T20:30:00,Madison Square Garden,211,10099.14,769952.2,
2026-06-08T04:45:29Z,160287601,"New York Knicks at San Antonio Spurs: NBA Finals  (Home Game 3, Series Game 5, If Necessary)",2026-06-13T19:30:00,Frost Bank Center (Formerly AT&T Center),155,1497.57,89029.63,
2026-06-08T04:45:29Z,160286423,"San Antonio Spurs at New York Knicks: NBA Finals  (Home Game 3, Series Game 6, If Necessary)",2026-06-16T20:30:00,Madison Square Garden,192,11650.77,209145.25,
2026-06-08T04:45:29Z,160287600,"New York Knicks at San Antonio Spurs: NBA Finals  (Home Game 4, Series Game 7, If Necessary)",2026-06-19T19:30:00,Frost Bank Center (Formerly AT&T Center),114,4399.06,421500.75,
2026-06-08T05:22:10Z,160286427,"San Antonio Spurs at New York Knicks: NBA Finals (Home Game 1, Series Game 3)",2026-06-08T20:30:00,Madison Square Garden,280,5531.0,372911.27,Hottest event
2026-06-08T05:22:10Z,160286428,"San Antonio Spurs at New York Knicks: NBA Finals (Home Game 2, Series Game 4)",2026-06-10T20:30:00,Madison Square Garden,217,11130.17,880877.12,
2026-06-08T05:22:10Z,160287601,"New York Knicks at San Antonio Spurs: NBA Finals  (Home Game 3, Series Game 5, If Necessary)",2026-06-13T19:30:00,Frost Bank Center (Formerly AT&T Center),151,1698.55,100999.63,
2026-06-08T05:22:10Z,160286423,"San Antonio Spurs at New York Knicks: NBA Finals  (Home Game 3, Series Game 6, If Necessary)",2026-06-16T20:30:00,Madison Square Garden,192,13216.89,237265.25,
2026-06-08T05:22:10Z,160287600,"New York Knicks at San Antonio Spurs: NBA Finals  (Home Game 4, Series Game 7, If Necessary)",2026-06-19T19:30:00,Frost Bank Center (Formerly AT&T Center),114,4990.16,478172.75,
