scraped_at,event_id,event_name,event_date,venue,listing_id,section,section_id,ticket_class_name,row,seat_from,seat_to,raw_price,formatted_price,available_tickets,ticket_type
2026-06-04T22:00:35Z,160287605,"New York Knicks at San Antonio Spurs: NBA Finals   (Home Game 2, Series Game 2)",2026-06-05T19:30:00,Frost Bank Center (Formerly AT&T Center),12933171940,225,149091,Balcony,16,,,1027.07,"$1,027",2,Mobile Transfer ticket
2026-06-04T22:00:35Z,160287605,"New York Knicks at San Antonio Spurs: NBA Finals   (Home Game 2, Series Game 2)",2026-06-05T19:30:00,Frost Bank Center (Formerly AT&T Center),12928477401,200,149070,Balcony,8,,,857.98,$858,2,Mobile Transfer ticket
2026-06-04T22:00:35Z,160287605,"New York Knicks at San Antonio Spurs: NBA Finals   (Home Game 2, Series Game 2)",2026-06-05T19:30:00,Frost Bank Center (Formerly AT&T Center),12916710184,3,1480189,Lower,14,,,3869.69,"$3,870",2,Mobile Transfer ticket
2026-06-04T22:00:35Z,160287605,"New York Knicks at San Antonio Spurs: NBA Finals   (Home Game 2, Series Game 2)",2026-06-05T19:30:00,Frost Bank Center (Formerly AT&T Center),12934355336,231,149097,Balcony,13,,,804.06,$804,6,Mobile Transfer ticket
2026-06-04T22:00:35Z,160287605,"New York Knicks at San Antonio Spurs: NBA Finals   (Home Game 2, Series Game 2)",2026-06-05T19:30:00,Frost Bank Center (Formerly AT&T Center),12924423595,205,149075,Balcony,19,,,891.84,$892,6,Mobile Transfer ticket
2026-06-04T22:00:35Z,160287605,"New York Knicks at San Antonio Spurs: NBA Finals   (Home Game 2, Series Game 2)",2026-06-05T19:30:00,Frost Bank Center (Formerly AT&T Center),12933370826,224,149090,Balcony,22,1,4,911.83,$912,4,Mobile Transfer ticket
2026-06-04T22:00:35Z,160287605,"New York Knicks at San Antonio Spurs: NBA Finals   (Home Game 2, Series Game 2)",2026-06-05T19:30:00,Frost Bank Center (Formerly AT&T Center),12930464080,226,149092,Balcony,22,,,901.87,$902,4,Mobile Transfer ticket
2026-06-04T22:00:35Z,160287605,"New York Knicks at San Antonio Spurs: NBA Finals   (Home Game 2, Series Game 2)",2026-06-05T19:30:00,Frost Bank Center (Formerly AT&T Center),12934075166,222,149088,Balcony,23,,,896.85,$897,8,Mobile Transfer ticket
2026-06-04T22:00:35Z,160287605,"New York Knicks at San Antonio Spurs: NBA Finals   (Home Game 2, Series Game 2)",2026-06-05T19:30:00,Frost Bank Center (Formerly AT&T Center),12893375740,219,149085,Balcony,14,,,889.33,$889,2,Mobile Transfer ticket
2026-06-04T22:00:35Z,160287605,"New York Knicks at San Antonio Spurs: NBA Finals   (Home Game 2, Series Game 2)",2026-06-05T19:30:00,Frost Bank Center (Formerly AT&T Center),12934241264,231,149097,Balcony,11,,,857.98,$858,8,Mobile Transfer ticket
2026-06-04T22:00:35Z,160287605,"New York Knicks at San Antonio Spurs: NBA Finals   (Home Game 2, Series Game 2)",2026-06-05T19:30:00,Frost Bank Center (Formerly AT&T Center),12932564243,228,149094,Balcony,12,,,900.61,$901,2,Mobile Transfer ticket
2026-06-04T22:00:35Z,160287605,"New York Knicks at San Antonio Spurs: NBA Finals   (Home Game 2, Series Game 2)",2026-06-05T19:30:00,Frost Bank Center (Formerly AT&T Center),12933117551,206,149076,Balcony,22,,,911.9,$912,6,Mobile Transfer ticket
2026-06-04T22:00:35Z,160287605,"New York Knicks at San Antonio Spurs: NBA Finals   (Home Game 2, Series Game 2)",2026-06-05T19:30:00,Frost Bank Center (Formerly AT&T Center),12932576545,205,149075,Balcony,14,,,899.36,$899,7,Mobile Transfer ticket
2026-06-04T22:00:35Z,160287605,"New York Knicks at San Antonio Spurs: NBA Finals   (Home Game 2, Series Game 2)",2026-06-05T19:30:00,Frost Bank Center (Formerly AT&T Center),12934310210,201,149071,Balcony,7,,,904.38,$904,2,Mobile Transfer ticket
2026-06-04T22:00:35Z,160287605,"New York Knicks at San Antonio Spurs: NBA Finals   (Home Game 2, Series Game 2)",2026-06-05T19:30:00,Frost Bank Center (Formerly AT&T Center),12926929808,202,149072,Balcony,12,,,890.58,$891,8,Mobile Transfer ticket
2026-06-04T22:00:35Z,160287605,"New York Knicks at San Antonio Spurs: NBA Finals   (Home Game 2, Series Game 2)",2026-06-05T19:30:00,Frost Bank Center (Formerly AT&T Center),12930183744,220,149086,Balcony,11,,,909.39,$909,4,Mobile Transfer ticket
2026-06-04T22:00:35Z,160287605,"New York Knicks at San Antonio Spurs: NBA Finals   (Home Game 2, Series Game 2)",2026-06-05T19:30:00,Frost Bank Center (Formerly AT&T Center),12930183873,201,149071,Balcony,11,,,825.37,$825,4,Mobile Transfer ticket
2026-06-04T22:00:35Z,160287605,"New York Knicks at San Antonio Spurs: NBA Finals   (Home Game 2, Series Game 2)",2026-06-05T19:30:00,Frost Bank Center (Formerly AT&T Center),12934157006,211,149081,Balcony,10,,,890.58,$891,4,Mobile Transfer ticket
2026-06-04T22:00:35Z,160287605,"New York Knicks at San Antonio Spurs: NBA Finals   (Home Game 2, Series Game 2)",2026-06-05T19:30:00,Frost Bank Center (Formerly AT&T Center),12893373020,231,149097,Balcony,8,,,905.63,$906,9,Mobile Transfer ticket
2026-06-04T22:00:35Z,160287605,"New York Knicks at San Antonio Spurs: NBA Finals   (Home Game 2, Series Game 2)",2026-06-05T19:30:00,Frost Bank Center (Formerly AT&T Center),12931365935,223,149089,Balcony,23,,,910.65,$911,4,Mobile Transfer ticket
2026-06-04T22:00:35Z,160287605,"New York Knicks at San Antonio Spurs: NBA Finals   (Home Game 2, Series Game 2)",2026-06-05T19:30:00,Frost Bank Center (Formerly AT&T Center),12931365990,213,149083,Balcony,14,,,896.85,$897,8,Mobile Transfer ticket
2026-06-04T22:00:35Z,160287605,"New York Knicks at San Antonio Spurs: NBA Finals   (Home Game 2, Series Game 2)",2026-06-05T19:30:00,Frost Bank Center (Formerly AT&T Center),12930183954,231,149097,Balcony,12,,,814.09,$814,6,Mobile Transfer ticket
2026-06-04T22:00:35Z,160287605,"New York Knicks at San Antonio Spurs: NBA Finals   (Home Game 2, Series Game 2)",2026-06-05T19:30:00,Frost Bank Center (Formerly AT&T Center),12929159577,229,149095,Balcony,12,,,890.58,$891,4,Mobile Transfer ticket
2026-06-04T22:00:35Z,160287605,"New York Knicks at San Antonio Spurs: NBA Finals   (Home Game 2, Series Game 2)",2026-06-05T19:30:00,Frost Bank Center (Formerly AT&T Center),12933332941,200,149070,Balcony,11,,,836.66,$837,2,Mobile Transfer ticket
2026-06-04T22:00:35Z,160287605,"New York Knicks at San Antonio Spurs: NBA Finals   (Home Game 2, Series Game 2)",2026-06-05T19:30:00,Frost Bank Center (Formerly AT&T Center),12934488443,201,149071,Balcony,12,,,797.79,$798,2,Mobile Transfer ticket
2026-06-04T22:00:35Z,160287605,"New York Knicks at San Antonio Spurs: NBA Finals   (Home Game 2, Series Game 2)",2026-06-05T19:30:00,Frost Bank Center (Formerly AT&T Center),12932752457,203,149073,Balcony,14,,,886.82,$887,6,Mobile Transfer ticket
2026-06-04T22:00:35Z,160287605,"New York Knicks at San Antonio Spurs: NBA Finals   (Home Game 2, Series Game 2)",2026-06-05T19:30:00,Frost Bank Center (Formerly AT&T Center),12933802841,211,149081,Balcony,16,,,888.07,$888,4,Mobile Transfer ticket
2026-06-04T22:00:35Z,160287605,"New York Knicks at San Antonio Spurs: NBA Finals   (Home Game 2, Series Game 2)",2026-06-05T19:30:00,Frost Bank Center (Formerly AT&T Center),12934075167,227,149093,Balcony,17,,,881.8,$882,6,Mobile Transfer ticket
2026-06-04T22:00:35Z,160287605,"New York Knicks at San Antonio Spurs: NBA Finals   (Home Game 2, Series Game 2)",2026-06-05T19:30:00,Frost Bank Center (Formerly AT&T Center),12932559098,213,149083,Balcony,16,,,889.33,$889,7,Mobile Transfer ticket
2026-06-04T22:00:35Z,160287605,"New York Knicks at San Antonio Spurs: NBA Finals   (Home Game 2, Series Game 2)",2026-06-05T19:30:00,Frost Bank Center (Formerly AT&T Center),12934483196,204,149074,Balcony,16,,,885.57,$886,6,Mobile Transfer ticket
2026-06-04T22:00:35Z,160287605,"New York Knicks at San Antonio Spurs: NBA Finals   (Home Game 2, Series Game 2)",2026-06-05T19:30:00,Frost Bank Center (Formerly AT&T Center),12930183994,227,149093,Balcony,15,,,895.6,$896,8,Mobile Transfer ticket
2026-06-04T22:00:35Z,160287605,"New York Knicks at San Antonio Spurs: NBA Finals   (Home Game 2, Series Game 2)",2026-06-05T19:30:00,Frost Bank Center (Formerly AT&T Center),12932603923,221,149087,Balcony,10,,,908.14,$908,6,Mobile Transfer ticket
2026-06-04T22:00:35Z,160287605,"New York Knicks at San Antonio Spurs: NBA Finals   (Home Game 2, Series Game 2)",2026-06-05T19:30:00,Frost Bank Center (Formerly AT&T Center),12929388321,203,149073,Balcony,13,,,891.84,$892,8,Mobile Transfer ticket
2026-06-04T22:00:35Z,160287605,"New York Knicks at San Antonio Spurs: NBA Finals   (Home Game 2, Series Game 2)",2026-06-05T19:30:00,Frost Bank Center (Formerly AT&T Center),12933241862,221,149087,Balcony,11,,,881.8,$882,7,Mobile Transfer ticket
2026-06-04T22:00:35Z,160287605,"New York Knicks at San Antonio Spurs: NBA Finals   (Home Game 2, Series Game 2)",2026-06-05T19:30:00,Frost Bank Center (Formerly AT&T Center),12893373071,230,149096,Balcony,16,,,894.34,$894,2,Mobile Transfer ticket
2026-06-04T22:00:35Z,160287605,"New York Knicks at San Antonio Spurs: NBA Finals   (Home Game 2, Series Game 2)",2026-06-05T19:30:00,Frost Bank Center (Formerly AT&T Center),12913414058,219,149085,Balcony,12,,,905.63,$906,4,Mobile Transfer ticket
2026-06-04T22:00:35Z,160287605,"New York Knicks at San Antonio Spurs: NBA Finals   (Home Game 2, Series Game 2)",2026-06-05T19:30:00,Frost Bank Center (Formerly AT&T Center),12932576248,229,149095,Balcony,16,,,878.04,$878,8,Mobile Transfer ticket
2026-06-04T22:00:35Z,160287605,"New York Knicks at San Antonio Spurs: NBA Finals   (Home Game 2, Series Game 2)",2026-06-05T19:30:00,Frost Bank Center (Formerly AT&T Center),12930183792,230,149096,Balcony,14,,,901.87,$902,4,Mobile Transfer ticket
2026-06-04T22:00:35Z,160287605,"New York Knicks at San Antonio Spurs: NBA Finals   (Home Game 2, Series Game 2)",2026-06-05T19:30:00,Frost Bank Center (Formerly AT&T Center),12934075164,211,149081,Balcony,19,,,880.55,$881,2,Mobile Transfer ticket
2026-06-04T22:00:35Z,160287605,"New York Knicks at San Antonio Spurs: NBA Finals   (Home Game 2, Series Game 2)",2026-06-05T19:30:00,Frost Bank Center (Formerly AT&T Center),12933836690,205,149075,Balcony,13,,,906.88,$907,4,Mobile Transfer ticket
2026-06-04T22:00:35Z,160286427,"San Antonio Spurs at New York Knicks: NBA Finals (Home Game 1, Series Game 3)",2026-06-08T20:30:00,Madison Square Garden,12871698691,108,139988,Club Platinum,7,,,39503.75,"$39,504",2,Mobile Transfer ticket
2026-06-04T22:00:35Z,160286427,"San Antonio Spurs at New York Knicks: NBA Finals (Home Game 1, Series Game 3)",2026-06-08T20:30:00,Madison Square Garden,12933532877,313,1000654,Chase Bridges Barstools,BS3,16,17,9588.72,"$9,589",2,Mobile Transfer ticket
2026-06-04T22:00:35Z,160286427,"San Antonio Spurs at New York Knicks: NBA Finals (Home Game 1, Series Game 3)",2026-06-08T20:30:00,Madison Square Garden,12920231998,217,140004,200 Level Barstools,BS6,,,9989.04,"$9,989",2,Mobile Transfer ticket
2026-06-04T22:00:35Z,160286427,"San Antonio Spurs at New York Knicks: NBA Finals (Home Game 1, Series Game 3)",2026-06-08T20:30:00,Madison Square Garden,12932422927,212,139995,200 Level,21,,,11075.97,"$11,076",4,Mobile Transfer ticket
2026-06-04T22:00:35Z,160286427,"San Antonio Spurs at New York Knicks: NBA Finals (Home Game 1, Series Game 3)",2026-06-08T20:30:00,Madison Square Garden,12920196854,224,139952,200 Level,16,,,11886.26,"$11,886",2,Mobile Transfer ticket
2026-06-04T22:00:35Z,160286427,"San Antonio Spurs at New York Knicks: NBA Finals (Home Game 1, Series Game 3)",2026-06-08T20:30:00,Madison Square Garden,12932434363,213,139997,200 Level,19,,,10937.55,"$10,938",2,Mobile Transfer ticket
2026-06-04T22:00:35Z,160286427,"San Antonio Spurs at New York Knicks: NBA Finals (Home Game 1, Series Game 3)",2026-06-08T20:30:00,Madison Square Garden,12928606450,311,1000652,Chase Bridges,2,1,2,10907.27,"$10,907",2,Mobile Transfer ticket
2026-06-04T22:00:35Z,160286427,"San Antonio Spurs at New York Knicks: NBA Finals (Home Game 1, Series Game 3)",2026-06-08T20:30:00,Madison Square Garden,12929133377,226,139959,200 Level,19,,,11333.29,"$11,333",2,Mobile Transfer ticket
2026-06-04T22:00:35Z,160286427,"San Antonio Spurs at New York Knicks: NBA Finals (Home Game 1, Series Game 3)",2026-06-08T20:30:00,Madison Square Garden,12931624124,310,1000651,Chase Bridges Barstools,BS3,1,2,9328.55,"$9,329",2,Mobile Transfer ticket
2026-06-04T22:00:35Z,160286427,"San Antonio Spurs at New York Knicks: NBA Finals (Home Game 1, Series Game 3)",2026-06-08T20:30:00,Madison Square Garden,12932417653,304,1525405,Lounge,1,,,9770.42,"$9,770",2,Mobile Transfer ticket
2026-06-04T22:00:35Z,160286427,"San Antonio Spurs at New York Knicks: NBA Finals (Home Game 1, Series Game 3)",2026-06-08T20:30:00,Madison Square Garden,12924258925,211,139993,200 Level,19,,,12100.55,"$12,101",2,Mobile Transfer ticket
2026-06-04T22:00:35Z,160286427,"San Antonio Spurs at New York Knicks: NBA Finals (Home Game 1, Series Game 3)",2026-06-08T20:30:00,Madison Square Garden,12925089451,222,140013,200 Level,22,21,22,9902.75,"$9,903",2,Mobile Transfer ticket
2026-06-04T22:00:35Z,160286427,"San Antonio Spurs at New York Knicks: NBA Finals (Home Game 1, Series Game 3)",2026-06-08T20:30:00,Madison Square Garden,12928768717,315,1000656,Chase Bridges,2,,,11603.57,"$11,604",2,Mobile Transfer ticket
2026-06-04T22:00:35Z,160286427,"San Antonio Spurs at New York Knicks: NBA Finals (Home Game 1, Series Game 3)",2026-06-08T20:30:00,Madison Square Garden,12932434317,213,139997,200 Level,20,,,10660.72,"$10,661",2,Mobile Transfer ticket
2026-06-04T22:00:35Z,160286427,"San Antonio Spurs at New York Knicks: NBA Finals (Home Game 1, Series Game 3)",2026-06-08T20:30:00,Madison Square Garden,12907982627,413,139888,400 Level,2,,,10660.72,"$10,661",4,Mobile Transfer ticket
2026-06-04T22:00:35Z,160286427,"San Antonio Spurs at New York Knicks: NBA Finals (Home Game 1, Series Game 3)",2026-06-08T20:30:00,Madison Square Garden,12930424983,418,139884,400 Level,7,,,9816.62,"$9,817",2,Mobile Transfer ticket
2026-06-04T22:00:35Z,160286427,"San Antonio Spurs at New York Knicks: NBA Finals (Home Game 1, Series Game 3)",2026-06-08T20:30:00,Madison Square Garden,12924901003,414,139887,400 Level,1,,,10107.06,"$10,107",2,Mobile Transfer ticket
2026-06-04T22:00:35Z,160286427,"San Antonio Spurs at New York Knicks: NBA Finals (Home Game 1, Series Game 3)",2026-06-08T20:30:00,Madison Square Garden,12925101871,417,139883,400 Level,6,1,4,11382.95,"$11,383",4,Mobile Transfer ticket
2026-06-04T22:00:35Z,160286427,"San Antonio Spurs at New York Knicks: NBA Finals (Home Game 1, Series Game 3)",2026-06-08T20:30:00,Madison Square Garden,12836921521,221,140011,200 Level,3,,,12142.95,"$12,143",2,Mobile Transfer ticket
2026-06-04T22:00:35Z,160286427,"San Antonio Spurs at New York Knicks: NBA Finals (Home Game 1, Series Game 3)",2026-06-08T20:30:00,Madison Square Garden,12924404989,217,140004,200 Level,4,,,11288.75,"$11,289",2,Mobile Transfer ticket
2026-06-04T22:00:35Z,160286427,"San Antonio Spurs at New York Knicks: NBA Finals (Home Game 1, Series Game 3)",2026-06-08T20:30:00,Madison Square Garden,12134650426,212,139995,200 Level,16,,,11763.95,"$11,764",2,Mobile Transfer ticket
2026-06-04T22:00:35Z,160286427,"San Antonio Spurs at New York Knicks: NBA Finals (Home Game 1, Series Game 3)",2026-06-08T20:30:00,Madison Square Garden,12931634782,209,139989,200 Level,22,,,9777.77,"$9,778",2,Mobile Transfer ticket
2026-06-04T22:00:35Z,160286427,"San Antonio Spurs at New York Knicks: NBA Finals (Home Game 1, Series Game 3)",2026-06-08T20:30:00,Madison Square Garden,12897802804,420,139882,400 Level,2,3,6,11079.42,"$11,079",4,Mobile Transfer ticket
2026-06-04T22:00:35Z,160286427,"San Antonio Spurs at New York Knicks: NBA Finals (Home Game 1, Series Game 3)",2026-06-08T20:30:00,Madison Square Garden,12932434315,222,140013,200 Level,12,,,11698.83,"$11,699",4,Mobile Transfer ticket
2026-06-04T22:00:35Z,160286427,"San Antonio Spurs at New York Knicks: NBA Finals (Home Game 1, Series Game 3)",2026-06-08T20:30:00,Madison Square Garden,12933518142,418,139884,400 Level,5,,,10892.49,"$10,892",2,Mobile Transfer ticket
2026-06-04T22:00:35Z,160286427,"San Antonio Spurs at New York Knicks: NBA Finals (Home Game 1, Series Game 3)",2026-06-08T20:30:00,Madison Square Garden,12919473140,414,139887,400 Level,3,,,10107.06,"$10,107",4,Mobile Transfer ticket
2026-06-04T22:00:35Z,160286427,"San Antonio Spurs at New York Knicks: NBA Finals (Home Game 1, Series Game 3)",2026-06-08T20:30:00,Madison Square Garden,12907982688,419,139881,400 Level,3,,,9761.02,"$9,761",2,Mobile Transfer ticket
2026-06-04T22:00:35Z,160286427,"San Antonio Spurs at New York Knicks: NBA Finals (Home Game 1, Series Game 3)",2026-06-08T20:30:00,Madison Square Garden,12923704186,210,139991,200 Level,14,11,12,10562.75,"$10,563",2,Mobile Transfer ticket
2026-06-04T22:00:35Z,160286427,"San Antonio Spurs at New York Knicks: NBA Finals (Home Game 1, Series Game 3)",2026-06-08T20:30:00,Madison Square Garden,12932740164,415,139886,400 Level,5,,,9414.98,"$9,415",2,Mobile Transfer ticket
2026-06-04T22:00:35Z,160286427,"San Antonio Spurs at New York Knicks: NBA Finals (Home Game 1, Series Game 3)",2026-06-08T20:30:00,Madison Square Garden,12917791819,209,139989,200 Level,12,,,11698.83,"$11,699",4,Mobile Transfer ticket
2026-06-04T22:00:35Z,160286427,"San Antonio Spurs at New York Knicks: NBA Finals (Home Game 1, Series Game 3)",2026-06-08T20:30:00,Madison Square Garden,12920193282,210,139991,200 Level Barstools,B25,,,11142.23,"$11,142",4,Mobile Transfer ticket
2026-06-04T22:00:35Z,160286427,"San Antonio Spurs at New York Knicks: NBA Finals (Home Game 1, Series Game 3)",2026-06-08T20:30:00,Madison Square Garden,12929130274,418,139884,400 Level,6,,,10372.67,"$10,373",2,Mobile Transfer ticket
2026-06-04T22:00:35Z,160286427,"San Antonio Spurs at New York Knicks: NBA Finals (Home Game 1, Series Game 3)",2026-06-08T20:30:00,Madison Square Garden,12930763179,419,139881,400 Level,1,,,10383.89,"$10,384",2,Mobile Transfer ticket
2026-06-04T22:00:35Z,160286427,"San Antonio Spurs at New York Knicks: NBA Finals (Home Game 1, Series Game 3)",2026-06-08T20:30:00,Madison Square Garden,12895438517,226,139959,200 Level,9,,,12306.8,"$12,307",2,Mobile Transfer ticket
2026-06-04T22:00:35Z,160286427,"San Antonio Spurs at New York Knicks: NBA Finals (Home Game 1, Series Game 3)",2026-06-08T20:30:00,Madison Square Garden,12929302972,227,139960,200 Level,5,15,16,11080.85,"$11,081",2,Mobile Transfer ticket
2026-06-04T22:00:35Z,160286427,"San Antonio Spurs at New York Knicks: NBA Finals (Home Game 1, Series Game 3)",2026-06-08T20:30:00,Madison Square Garden,12908512136,225,139951,200 Level,17,,,12183.29,"$12,183",4,Mobile Transfer ticket
2026-06-04T22:00:35Z,160286427,"San Antonio Spurs at New York Knicks: NBA Finals (Home Game 1, Series Game 3)",2026-06-08T20:30:00,Madison Square Garden,12933567390,416,139885,400 Level,3,,,11609.77,"$11,610",2,Mobile Transfer ticket
2026-06-04T22:00:35Z,160286427,"San Antonio Spurs at New York Knicks: NBA Finals (Home Game 1, Series Game 3)",2026-06-08T20:30:00,Madison Square Garden,12933598324,219,140007,200 Level,2,,,10183.61,"$10,184",2,Mobile Transfer ticket
2026-06-04T22:00:35Z,160286427,"San Antonio Spurs at New York Knicks: NBA Finals (Home Game 1, Series Game 3)",2026-06-08T20:30:00,Madison Square Garden,12929847046,226,139959,200 Level,24,,,9968.64,"$9,969",2,Mobile Transfer ticket
2026-06-04T22:00:35Z,160286427,"San Antonio Spurs at New York Knicks: NBA Finals (Home Game 1, Series Game 3)",2026-06-08T20:30:00,Madison Square Garden,12931454737,225,139951,200 Level,18,,,12146.13,"$12,146",6,Mobile Transfer ticket
2026-06-04T22:00:35Z,160286428,"San Antonio Spurs at New York Knicks: NBA Finals (Home Game 2, Series Game 4)",2026-06-10T20:30:00,Madison Square Garden,12887569975,108,139988,Club Platinum,7,,,36212.0,"$36,212",2,Mobile Transfer ticket
2026-06-04T22:00:35Z,160286428,"San Antonio Spurs at New York Knicks: NBA Finals (Home Game 2, Series Game 4)",2026-06-10T20:30:00,Madison Square Garden,12924780414,222,140013,200 Level,23,,,10758.0,"$10,758",6,Mobile Transfer ticket
2026-06-04T22:00:35Z,160286428,"San Antonio Spurs at New York Knicks: NBA Finals (Home Game 2, Series Game 4)",2026-06-10T20:30:00,Madison Square Garden,12928434371,212,139995,200 Level,19,21,22,9744.35,"$9,744",2,Mobile Transfer ticket
2026-06-04T22:00:35Z,160286428,"San Antonio Spurs at New York Knicks: NBA Finals (Home Game 2, Series Game 4)",2026-06-10T20:30:00,Madison Square Garden,12925532479,212,139995,200 Level,14,,,10668.1,"$10,668",2,Mobile Transfer ticket
2026-06-04T22:00:35Z,160286428,"San Antonio Spurs at New York Knicks: NBA Finals (Home Game 2, Series Game 4)",2026-06-10T20:30:00,Madison Square Garden,12932448404,208,139987,200 Level,18,,,10093.86,"$10,094",4,Mobile Transfer ticket
2026-06-04T22:00:35Z,160286428,"San Antonio Spurs at New York Knicks: NBA Finals (Home Game 2, Series Game 4)",2026-06-10T20:30:00,Madison Square Garden,12932128360,102,139976,100 Level,14,,,11552.75,"$11,553",2,Mobile Transfer ticket
2026-06-04T22:00:35Z,160286428,"San Antonio Spurs at New York Knicks: NBA Finals (Home Game 2, Series Game 4)",2026-06-10T20:30:00,Madison Square Garden,12908542066,311,1000652,Chase Bridges,1,,,10914.23,"$10,914",4,Mobile Transfer ticket
2026-06-04T22:00:35Z,160286428,"San Antonio Spurs at New York Knicks: NBA Finals (Home Game 2, Series Game 4)",2026-06-10T20:30:00,Madison Square Garden,12876571511,222,140013,200 Level,22,,,11093.03,"$11,093",2,Mobile Transfer ticket
2026-06-04T22:00:35Z,160286428,"San Antonio Spurs at New York Knicks: NBA Finals (Home Game 2, Series Game 4)",2026-06-10T20:30:00,Madison Square Garden,12908830554,226,139959,200 Level,24,,,9589.46,"$9,589",2,Mobile Transfer ticket
2026-06-04T22:00:35Z,160286428,"San Antonio Spurs at New York Knicks: NBA Finals (Home Game 2, Series Game 4)",2026-06-10T20:30:00,Madison Square Garden,12926283941,418,139884,400 Level,2,,,9871.07,"$9,871",4,Mobile Transfer ticket
2026-06-04T22:00:35Z,160286428,"San Antonio Spurs at New York Knicks: NBA Finals (Home Game 2, Series Game 4)",2026-06-10T20:30:00,Madison Square Garden,12929030189,212,139995,200 Level,15,,,10436.53,"$10,437",2,Mobile Transfer ticket
2026-06-04T22:00:35Z,160286428,"San Antonio Spurs at New York Knicks: NBA Finals (Home Game 2, Series Game 4)",2026-06-10T20:30:00,Madison Square Garden,12883467460,211,139993,200 Level,15,,,10562.75,"$10,563",2,Mobile Transfer ticket
2026-06-04T22:00:35Z,160286428,"San Antonio Spurs at New York Knicks: NBA Finals (Home Game 2, Series Game 4)",2026-06-10T20:30:00,Madison Square Garden,12811353755,210,139991,200 Level,18,17,18,10694.75,"$10,695",2,Mobile Transfer ticket
2026-06-04T22:00:35Z,160286428,"San Antonio Spurs at New York Knicks: NBA Finals (Home Game 2, Series Game 4)",2026-06-10T20:30:00,Madison Square Garden,12933598356,221,140011,200 Level,11,,,10657.9,"$10,658",2,Mobile Transfer ticket
2026-06-04T22:00:35Z,160286428,"San Antonio Spurs at New York Knicks: NBA Finals (Home Game 2, Series Game 4)",2026-06-10T20:30:00,Madison Square Garden,12908540408,414,139887,400 Level,2,,,9481.76,"$9,482",2,Mobile Transfer ticket
2026-06-04T22:00:35Z,160286428,"San Antonio Spurs at New York Knicks: NBA Finals (Home Game 2, Series Game 4)",2026-06-10T20:30:00,Madison Square Garden,12908542074,310,1000651,Chase Bridges,1,,,10876.92,"$10,877",2,Mobile Transfer ticket
2026-06-04T22:00:35Z,160286428,"San Antonio Spurs at New York Knicks: NBA Finals (Home Game 2, Series Game 4)",2026-06-10T20:30:00,Madison Square Garden,12932448400,208,139987,200 Level,17,,,10352.61,"$10,353",4,Mobile Transfer ticket
2026-06-04T22:00:35Z,160286428,"San Antonio Spurs at New York Knicks: NBA Finals (Home Game 2, Series Game 4)",2026-06-10T20:30:00,Madison Square Garden,12816926596,224,139952,200 Level,19,,,11101.84,"$11,102",2,Mobile Transfer ticket
2026-06-04T22:00:35Z,160286428,"San Antonio Spurs at New York Knicks: NBA Finals (Home Game 2, Series Game 4)",2026-06-10T20:30:00,Madison Square Garden,12908540379,416,139885,400 Level,3,,,9266.31,"$9,266",2,Mobile Transfer ticket
2026-06-04T22:00:35Z,160286428,"San Antonio Spurs at New York Knicks: NBA Finals (Home Game 2, Series Game 4)",2026-06-10T20:30:00,Madison Square Garden,12817550912,213,139997,200 Level,9,,,11275.22,"$11,275",2,Mobile Transfer ticket
2026-06-04T22:00:35Z,160286428,"San Antonio Spurs at New York Knicks: NBA Finals (Home Game 2, Series Game 4)",2026-06-10T20:30:00,Madison Square Garden,12925542478,223,139953,200 Level,24,,,10669.74,"$10,670",2,Mobile Transfer ticket
2026-06-04T22:00:35Z,160286428,"San Antonio Spurs at New York Knicks: NBA Finals (Home Game 2, Series Game 4)",2026-06-10T20:30:00,Madison Square Garden,12896359748,221,140011,200 Level,3,6,7,11356.82,"$11,357",2,Mobile Transfer ticket
2026-06-04T22:00:35Z,160286428,"San Antonio Spurs at New York Knicks: NBA Finals (Home Game 2, Series Game 4)",2026-06-10T20:30:00,Madison Square Garden,12924539033,209,139989,200 Level,18,,,10103.47,"$10,103",2,Mobile Transfer ticket
2026-06-04T22:00:35Z,160286428,"San Antonio Spurs at New York Knicks: NBA Finals (Home Game 2, Series Game 4)",2026-06-10T20:30:00,Madison Square Garden,12931887120,419,139881,400 Level,3,,,9138.15,"$9,138",2,Mobile Transfer ticket
2026-06-04T22:00:35Z,160286428,"San Antonio Spurs at New York Knicks: NBA Finals (Home Game 2, Series Game 4)",2026-06-10T20:30:00,Madison Square Garden,12929172678,227,139960,200 Level,9,1,2,9744.35,"$9,744",2,Mobile Transfer ticket
2026-06-04T22:00:35Z,160286428,"San Antonio Spurs at New York Knicks: NBA Finals (Home Game 2, Series Game 4)",2026-06-10T20:30:00,Madison Square Garden,12924799519,310,1000651,Chase Bridges Barstools,BS3,12,13,10601.89,"$10,602",2,Mobile Transfer ticket
2026-06-04T22:00:35Z,160286428,"San Antonio Spurs at New York Knicks: NBA Finals (Home Game 2, Series Game 4)",2026-06-10T20:30:00,Madison Square Garden,12908809856,223,139953,200 Level,14,,,11459.81,"$11,460",4,Mobile Transfer ticket
2026-06-04T22:00:35Z,160286428,"San Antonio Spurs at New York Knicks: NBA Finals (Home Game 2, Series Game 4)",2026-06-10T20:30:00,Madison Square Garden,12908542062,327,1000661,Chase Bridges,2,,,10354.67,"$10,355",4,Mobile Transfer ticket
2026-06-04T22:00:35Z,160286428,"San Antonio Spurs at New York Knicks: NBA Finals (Home Game 2, Series Game 4)",2026-06-10T20:30:00,Madison Square Garden,12908830618,226,139959,200 Level,20,,,10235.76,"$10,236",4,Mobile Transfer ticket
2026-06-04T22:00:35Z,160286428,"San Antonio Spurs at New York Knicks: NBA Finals (Home Game 2, Series Game 4)",2026-06-10T20:30:00,Madison Square Garden,12905686501,225,139951,200 Level,14,1,2,10100.75,"$10,101",2,Mobile Transfer ticket
2026-06-04T22:00:35Z,160286428,"San Antonio Spurs at New York Knicks: NBA Finals (Home Game 2, Series Game 4)",2026-06-10T20:30:00,Madison Square Garden,12933188171,201,139973,200 Level,4,3,4,10813.55,"$10,814",2,Mobile Transfer ticket
2026-06-04T22:00:35Z,160286428,"San Antonio Spurs at New York Knicks: NBA Finals (Home Game 2, Series Game 4)",2026-06-10T20:30:00,Madison Square Garden,12821642956,313,1000654,Chase Bridges,1,21,22,9903.54,"$9,904",2,Mobile Transfer ticket
2026-06-04T22:00:35Z,160286428,"San Antonio Spurs at New York Knicks: NBA Finals (Home Game 2, Series Game 4)",2026-06-10T20:30:00,Madison Square Garden,12908830537,209,139989,200 Level,15,,,10343.47,"$10,343",2,Mobile Transfer ticket
2026-06-04T22:00:35Z,160286428,"San Antonio Spurs at New York Knicks: NBA Finals (Home Game 2, Series Game 4)",2026-06-10T20:30:00,Madison Square Garden,12931857259,211,139993,200 Level,21,,,9902.75,"$9,903",2,Mobile Transfer ticket
2026-06-04T22:00:35Z,160286428,"San Antonio Spurs at New York Knicks: NBA Finals (Home Game 2, Series Game 4)",2026-06-10T20:30:00,Madison Square Garden,12924590972,223,139953,200 Level,18,9,10,11276.67,"$11,277",2,Mobile Transfer ticket
2026-06-04T22:00:35Z,160286428,"San Antonio Spurs at New York Knicks: NBA Finals (Home Game 2, Series Game 4)",2026-06-10T20:30:00,Madison Square Garden,12908540393,416,139885,400 Level,1,,,10128.05,"$10,128",2,Mobile Transfer ticket
2026-06-04T22:00:35Z,160286428,"San Antonio Spurs at New York Knicks: NBA Finals (Home Game 2, Series Game 4)",2026-06-10T20:30:00,Madison Square Garden,12932448402,221,140011,200 Level,9,,,10999.47,"$10,999",4,Mobile Transfer ticket
2026-06-04T22:00:35Z,160286428,"San Antonio Spurs at New York Knicks: NBA Finals (Home Game 2, Series Game 4)",2026-06-10T20:30:00,Madison Square Garden,12908830632,213,139997,200 Level,19,,,10020.32,"$10,020",2,Mobile Transfer ticket
2026-06-04T22:00:35Z,160286428,"San Antonio Spurs at New York Knicks: NBA Finals (Home Game 2, Series Game 4)",2026-06-10T20:30:00,Madison Square Garden,12924392355,415,139886,400 Level,6,,,10235.76,"$10,236",2,Mobile Transfer ticket
2026-06-04T22:00:35Z,160286428,"San Antonio Spurs at New York Knicks: NBA Finals (Home Game 2, Series Game 4)",2026-06-10T20:30:00,Madison Square Garden,12908542051,314,1000655,Chase Bridges,2,,,9235.54,"$9,236",2,Mobile Transfer ticket
2026-06-04T22:00:35Z,160287601,"New York Knicks at San Antonio Spurs: NBA Finals  (Home Game 3, Series Game 5, If Necessary)",2026-06-13T19:30:00,Frost Bank Center (Formerly AT&T Center),12930110854,207,149077,Balcony,15,,,2486.91,"$2,487",6,Mobile Transfer ticket
2026-06-04T22:00:35Z,160287601,"New York Knicks at San Antonio Spurs: NBA Finals  (Home Game 3, Series Game 5, If Necessary)",2026-06-13T19:30:00,Frost Bank Center (Formerly AT&T Center),12923832228,223,149089,Balcony,17,,,2281.25,"$2,281",4,Mobile Transfer ticket
2026-06-04T22:00:35Z,160287601,"New York Knicks at San Antonio Spurs: NBA Finals  (Home Game 3, Series Game 5, If Necessary)",2026-06-13T19:30:00,Frost Bank Center (Formerly AT&T Center),12916237611,207,149077,Balcony,14,,,2731.51,"$2,732",2,Mobile Transfer ticket
2026-06-04T22:00:35Z,160287601,"New York Knicks at San Antonio Spurs: NBA Finals  (Home Game 3, Series Game 5, If Necessary)",2026-06-13T19:30:00,Frost Bank Center (Formerly AT&T Center),12906383898,212,149082,Balcony,16,,,2145.9,"$2,146",4,Mobile Transfer ticket
2026-06-04T22:00:35Z,160287601,"New York Knicks at San Antonio Spurs: NBA Finals  (Home Game 3, Series Game 5, If Necessary)",2026-06-13T19:30:00,Frost Bank Center (Formerly AT&T Center),12923827127,209,149079,Balcony,17,,,2247.58,"$2,248",4,Mobile Transfer ticket
2026-06-04T22:00:35Z,160287601,"New York Knicks at San Antonio Spurs: NBA Finals  (Home Game 3, Series Game 5, If Necessary)",2026-06-13T19:30:00,Frost Bank Center (Formerly AT&T Center),12893271421,226,149092,Balcony,20,,,2201.87,"$2,202",2,Mobile Transfer ticket
2026-06-04T22:00:35Z,160287601,"New York Knicks at San Antonio Spurs: NBA Finals  (Home Game 3, Series Game 5, If Necessary)",2026-06-13T19:30:00,Frost Bank Center (Formerly AT&T Center),12933436049,221,149087,Balcony,15,,,2022.35,"$2,022",2,Mobile ticket
2026-06-04T22:00:35Z,160287601,"New York Knicks at San Antonio Spurs: NBA Finals  (Home Game 3, Series Game 5, If Necessary)",2026-06-13T19:30:00,Frost Bank Center (Formerly AT&T Center),12887922661,221,149087,Balcony,21,,,1987.37,"$1,987",2,Mobile Transfer ticket
2026-06-04T22:00:35Z,160287601,"New York Knicks at San Antonio Spurs: NBA Finals  (Home Game 3, Series Game 5, If Necessary)",2026-06-13T19:30:00,Frost Bank Center (Formerly AT&T Center),12909441984,219,149085,Balcony,12,,,2456.97,"$2,457",2,Mobile Transfer ticket
2026-06-04T22:00:35Z,160287601,"New York Knicks at San Antonio Spurs: NBA Finals  (Home Game 3, Series Game 5, If Necessary)",2026-06-13T19:30:00,Frost Bank Center (Formerly AT&T Center),12923832269,228,149094,Balcony,8,,,2607.29,"$2,607",2,Mobile Transfer ticket
2026-06-04T22:00:35Z,160287601,"New York Knicks at San Antonio Spurs: NBA Finals  (Home Game 3, Series Game 5, If Necessary)",2026-06-13T19:30:00,Frost Bank Center (Formerly AT&T Center),12930148628,205,149075,Balcony,9,,,2165.72,"$2,166",2,Mobile Transfer ticket
2026-06-04T22:00:35Z,160287601,"New York Knicks at San Antonio Spurs: NBA Finals  (Home Game 3, Series Game 5, If Necessary)",2026-06-13T19:30:00,Frost Bank Center (Formerly AT&T Center),12885520463,211,149081,Balcony,11,,,2217.78,"$2,218",4,Mobile Transfer ticket
2026-06-04T22:00:35Z,160287601,"New York Knicks at San Antonio Spurs: NBA Finals  (Home Game 3, Series Game 5, If Necessary)",2026-06-13T19:30:00,Frost Bank Center (Formerly AT&T Center),12878729755,226,149092,Balcony,6,,,2575.07,"$2,575",6,Mobile Transfer ticket
2026-06-04T22:00:35Z,160287601,"New York Knicks at San Antonio Spurs: NBA Finals  (Home Game 3, Series Game 5, If Necessary)",2026-06-13T19:30:00,Frost Bank Center (Formerly AT&T Center),12920000345,225,149091,Balcony,15,5,8,2563.55,"$2,564",4,Mobile Transfer ticket
2026-06-04T22:00:35Z,160287601,"New York Knicks at San Antonio Spurs: NBA Finals  (Home Game 3, Series Game 5, If Necessary)",2026-06-13T19:30:00,Frost Bank Center (Formerly AT&T Center),12930148626,225,149091,Balcony,21,,,1979.07,"$1,979",4,Mobile Transfer ticket
2026-06-04T22:00:35Z,160287601,"New York Knicks at San Antonio Spurs: NBA Finals  (Home Game 3, Series Game 5, If Necessary)",2026-06-13T19:30:00,Frost Bank Center (Formerly AT&T Center),12930148620,222,149088,Balcony,20,,,1979.07,"$1,979",4,Mobile Transfer ticket
2026-06-04T22:00:35Z,160287601,"New York Knicks at San Antonio Spurs: NBA Finals  (Home Game 3, Series Game 5, If Necessary)",2026-06-13T19:30:00,Frost Bank Center (Formerly AT&T Center),12930141531,227,149093,Balcony,15,,,1979.07,"$1,979",4,Mobile Transfer ticket
2026-06-04T22:00:35Z,160287601,"New York Knicks at San Antonio Spurs: NBA Finals  (Home Game 3, Series Game 5, If Necessary)",2026-06-13T19:30:00,Frost Bank Center (Formerly AT&T Center),12894281366,221,149087,Balcony,13,,,2101.26,"$2,101",4,Mobile Transfer ticket
2026-06-04T22:00:35Z,160287601,"New York Knicks at San Antonio Spurs: NBA Finals  (Home Game 3, Series Game 5, If Necessary)",2026-06-13T19:30:00,Frost Bank Center (Formerly AT&T Center),12924752394,223,149089,Balcony,16,,,2701.85,"$2,702",4,Mobile Transfer ticket
2026-06-04T22:00:35Z,160287601,"New York Knicks at San Antonio Spurs: NBA Finals  (Home Game 3, Series Game 5, If Necessary)",2026-06-13T19:30:00,Frost Bank Center (Formerly AT&T Center),12922997149,230,149096,Balcony,15,,,2305.09,"$2,305",2,Mobile Transfer ticket
2026-06-04T22:00:35Z,160287601,"New York Knicks at San Antonio Spurs: NBA Finals  (Home Game 3, Series Game 5, If Necessary)",2026-06-13T19:30:00,Frost Bank Center (Formerly AT&T Center),12896129266,204,149074,Balcony,11,,,2601.57,"$2,602",4,Mobile Transfer ticket
2026-06-04T22:00:35Z,160287601,"New York Knicks at San Antonio Spurs: NBA Finals  (Home Game 3, Series Game 5, If Necessary)",2026-06-13T19:30:00,Frost Bank Center (Formerly AT&T Center),12929749717,227,149093,Balcony,13,,,2349.71,"$2,350",2,Mobile Transfer ticket
2026-06-04T22:00:35Z,160287601,"New York Knicks at San Antonio Spurs: NBA Finals  (Home Game 3, Series Game 5, If Necessary)",2026-06-13T19:30:00,Frost Bank Center (Formerly AT&T Center),12892454321,210,149080,Balcony,19,,,2394.56,"$2,395",4,Mobile Transfer ticket
2026-06-04T22:00:35Z,160287601,"New York Knicks at San Antonio Spurs: NBA Finals  (Home Game 3, Series Game 5, If Necessary)",2026-06-13T19:30:00,Frost Bank Center (Formerly AT&T Center),12920923891,229,149095,Balcony,10,,,2608.23,"$2,608",4,Mobile Transfer ticket
2026-06-04T22:00:35Z,160287601,"New York Knicks at San Antonio Spurs: NBA Finals  (Home Game 3, Series Game 5, If Necessary)",2026-06-13T19:30:00,Frost Bank Center (Formerly AT&T Center),12878648991,226,149092,Balcony,15,,,2277.15,"$2,277",4,Mobile Transfer ticket
2026-06-04T22:00:35Z,160287601,"New York Knicks at San Antonio Spurs: NBA Finals  (Home Game 3, Series Game 5, If Necessary)",2026-06-13T19:30:00,Frost Bank Center (Formerly AT&T Center),12891390459,213,149083,Balcony,10,,,2515.4,"$2,515",2,Mobile Transfer ticket
2026-06-04T22:00:35Z,160287601,"New York Knicks at San Antonio Spurs: NBA Finals  (Home Game 3, Series Game 5, If Necessary)",2026-06-13T19:30:00,Frost Bank Center (Formerly AT&T Center),12930148622,201,149071,Balcony,11,,,2134.4,"$2,134",2,Mobile Transfer ticket
2026-06-04T22:00:35Z,160287601,"New York Knicks at San Antonio Spurs: NBA Finals  (Home Game 3, Series Game 5, If Necessary)",2026-06-13T19:30:00,Frost Bank Center (Formerly AT&T Center),12930805178,222,149088,Balcony,15,,,1979.07,"$1,979",2,Mobile Transfer ticket
2026-06-04T22:00:35Z,160287601,"New York Knicks at San Antonio Spurs: NBA Finals  (Home Game 3, Series Game 5, If Necessary)",2026-06-13T19:30:00,Frost Bank Center (Formerly AT&T Center),12905592795,207,149077,Balcony,19,,,2117.79,"$2,118",4,Mobile Transfer ticket
2026-06-04T22:00:35Z,160287601,"New York Knicks at San Antonio Spurs: NBA Finals  (Home Game 3, Series Game 5, If Necessary)",2026-06-13T19:30:00,Frost Bank Center (Formerly AT&T Center),12924356678,206,149076,Balcony,15,,,2227.2,"$2,227",4,Mobile Transfer ticket
2026-06-04T22:00:35Z,160287601,"New York Knicks at San Antonio Spurs: NBA Finals  (Home Game 3, Series Game 5, If Necessary)",2026-06-13T19:30:00,Frost Bank Center (Formerly AT&T Center),12878022692,211,149081,Balcony,7,,,2605.02,"$2,605",2,Mobile Transfer ticket
2026-06-04T22:00:35Z,160287601,"New York Knicks at San Antonio Spurs: NBA Finals  (Home Game 3, Series Game 5, If Necessary)",2026-06-13T19:30:00,Frost Bank Center (Formerly AT&T Center),12905593013,223,149089,Balcony,18,,,2181.73,"$2,182",4,Mobile Transfer ticket
2026-06-04T22:00:35Z,160287601,"New York Knicks at San Antonio Spurs: NBA Finals  (Home Game 3, Series Game 5, If Necessary)",2026-06-13T19:30:00,Frost Bank Center (Formerly AT&T Center),12930148627,227,149093,Balcony,14,,,2337.08,"$2,337",15,Mobile Transfer ticket
2026-06-04T22:00:35Z,160287601,"New York Knicks at San Antonio Spurs: NBA Finals  (Home Game 3, Series Game 5, If Necessary)",2026-06-13T19:30:00,Frost Bank Center (Formerly AT&T Center),12931651037,209,149079,Balcony,20,,,1979.07,"$1,979",2,Mobile Transfer ticket
2026-06-04T22:00:35Z,160287601,"New York Knicks at San Antonio Spurs: NBA Finals  (Home Game 3, Series Game 5, If Necessary)",2026-06-13T19:30:00,Frost Bank Center (Formerly AT&T Center),12924357054,225,149091,Balcony,13,,,2603.16,"$2,603",4,Mobile Transfer ticket
2026-06-04T22:00:35Z,160287601,"New York Knicks at San Antonio Spurs: NBA Finals  (Home Game 3, Series Game 5, If Necessary)",2026-06-13T19:30:00,Frost Bank Center (Formerly AT&T Center),12932901228,220,149086,Balcony,13,19,20,2378.75,"$2,379",2,Mobile ticket
2026-06-04T22:00:35Z,160287601,"New York Knicks at San Antonio Spurs: NBA Finals  (Home Game 3, Series Game 5, If Necessary)",2026-06-13T19:30:00,Frost Bank Center (Formerly AT&T Center),12924445182,209,149079,Balcony,13,,,2663.82,"$2,664",2,Mobile Transfer ticket
2026-06-04T22:00:35Z,160287601,"New York Knicks at San Antonio Spurs: NBA Finals  (Home Game 3, Series Game 5, If Necessary)",2026-06-13T19:30:00,Frost Bank Center (Formerly AT&T Center),12883232879,219,149085,Balcony,10,,,2577.28,"$2,577",4,Mobile Transfer ticket
2026-06-04T22:00:35Z,160287601,"New York Knicks at San Antonio Spurs: NBA Finals  (Home Game 3, Series Game 5, If Necessary)",2026-06-13T19:30:00,Frost Bank Center (Formerly AT&T Center),12897079116,203,149073,Balcony,13,,,2562.27,"$2,562",4,Mobile Transfer ticket
2026-06-04T22:00:35Z,160287601,"New York Knicks at San Antonio Spurs: NBA Finals  (Home Game 3, Series Game 5, If Necessary)",2026-06-13T19:30:00,Frost Bank Center (Formerly AT&T Center),12934040140,225,149091,Balcony,16,,,1979.07,"$1,979",2,Mobile Transfer ticket
2026-06-04T22:00:35Z,160286423,"San Antonio Spurs at New York Knicks: NBA Finals  (Home Game 3, Series Game 6, If Necessary)",2026-06-16T20:30:00,Madison Square Garden,12884577353,315,1000656,Chase Bridges Barstools,BS3,15,17,10577.14,"$10,577",3,Mobile Transfer ticket
2026-06-04T22:00:35Z,160286423,"San Antonio Spurs at New York Knicks: NBA Finals  (Home Game 3, Series Game 6, If Necessary)",2026-06-16T20:30:00,Madison Square Garden,12715082747,314,1000655,Chase Bridges,1,,,10575.95,"$10,576",2,Mobile Transfer ticket
2026-06-04T22:00:35Z,160286423,"San Antonio Spurs at New York Knicks: NBA Finals  (Home Game 3, Series Game 6, If Necessary)",2026-06-16T20:30:00,Madison Square Garden,12902608969,211,139993,200 Level,22,,,10726.76,"$10,727",2,Mobile Transfer ticket
2026-06-04T22:00:35Z,160286423,"San Antonio Spurs at New York Knicks: NBA Finals  (Home Game 3, Series Game 6, If Necessary)",2026-06-16T20:30:00,Madison Square Garden,12758912818,202,139975,200 Level,5,14,15,11846.56,"$11,847",2,Mobile Transfer ticket
2026-06-04T22:00:35Z,160286423,"San Antonio Spurs at New York Knicks: NBA Finals  (Home Game 3, Series Game 6, If Necessary)",2026-06-16T20:30:00,Madison Square Garden,12817495059,210,139991,200 Level,13,11,12,10351.55,"$10,352",2,Mobile Transfer ticket
2026-06-04T22:00:35Z,160286423,"San Antonio Spurs at New York Knicks: NBA Finals  (Home Game 3, Series Game 6, If Necessary)",2026-06-16T20:30:00,Madison Square Garden,12817631295,418,139884,400 Level,6,,,10568.61,"$10,569",2,Mobile Transfer ticket
2026-06-04T22:00:35Z,160286423,"San Antonio Spurs at New York Knicks: NBA Finals  (Home Game 3, Series Game 6, If Necessary)",2026-06-16T20:30:00,Madison Square Garden,12905357333,227,139960,200 Level,5,15,16,13201.43,"$13,201",2,Mobile Transfer ticket
2026-06-04T22:00:35Z,160286423,"San Antonio Spurs at New York Knicks: NBA Finals  (Home Game 3, Series Game 6, If Necessary)",2026-06-16T20:30:00,Madison Square Garden,12758461568,223,139953,200 Level,8,,,12693.23,"$12,693",2,Mobile Transfer ticket
2026-06-04T22:00:35Z,160286423,"San Antonio Spurs at New York Knicks: NBA Finals  (Home Game 3, Series Game 6, If Necessary)",2026-06-16T20:30:00,Madison Square Garden,12933681842,214,139998,200 Level,13,,,11229.35,"$11,229",10,Mobile Transfer ticket
2026-06-04T22:00:35Z,160286423,"San Antonio Spurs at New York Knicks: NBA Finals  (Home Game 3, Series Game 6, If Necessary)",2026-06-16T20:30:00,Madison Square Garden,12923002890,413,139888,400 Level,5,,,9617.52,"$9,618",4,Mobile Transfer ticket
2026-06-04T22:00:35Z,160286423,"San Antonio Spurs at New York Knicks: NBA Finals  (Home Game 3, Series Game 6, If Necessary)",2026-06-16T20:30:00,Madison Square Garden,12817631300,420,139882,400 Level,7,,,10568.61,"$10,569",2,Mobile Transfer ticket
2026-06-04T22:00:35Z,160286423,"San Antonio Spurs at New York Knicks: NBA Finals  (Home Game 3, Series Game 6, If Necessary)",2026-06-16T20:30:00,Madison Square Garden,12923002888,416,139885,400 Level,1,,,9818.8,"$9,819",2,Mobile Transfer ticket
2026-06-04T22:00:35Z,160286423,"San Antonio Spurs at New York Knicks: NBA Finals  (Home Game 3, Series Game 6, If Necessary)",2026-06-16T20:30:00,Madison Square Garden,12822906179,221,140011,200 Level,17,17,18,9500.81,"$9,501",2,Mobile Transfer ticket
2026-06-04T22:00:35Z,160286423,"San Antonio Spurs at New York Knicks: NBA Finals  (Home Game 3, Series Game 6, If Necessary)",2026-06-16T20:30:00,Madison Square Garden,12301693556,213,139997,200 Level,10,3,4,11882.75,"$11,883",2,Mobile Transfer ticket
2026-06-04T22:00:35Z,160286423,"San Antonio Spurs at New York Knicks: NBA Finals  (Home Game 3, Series Game 6, If Necessary)",2026-06-16T20:30:00,Madison Square Garden,12923002895,416,139885,400 Level,3,,,9319.46,"$9,319",2,Mobile Transfer ticket
2026-06-04T22:00:35Z,160286423,"San Antonio Spurs at New York Knicks: NBA Finals  (Home Game 3, Series Game 6, If Necessary)",2026-06-16T20:30:00,Madison Square Garden,12757786748,225,139951,200 Level,11,5,6,10694.75,"$10,695",2,Mobile Transfer ticket
2026-06-04T22:00:35Z,160286423,"San Antonio Spurs at New York Knicks: NBA Finals  (Home Game 3, Series Game 6, If Necessary)",2026-06-16T20:30:00,Madison Square Garden,12928827210,306,1525407,Lounge,1,,,12587.23,"$12,587",2,Mobile Transfer ticket
2026-06-04T22:00:35Z,160286423,"San Antonio Spurs at New York Knicks: NBA Finals  (Home Game 3, Series Game 6, If Necessary)",2026-06-16T20:30:00,Madison Square Garden,12758912832,418,139884,400 Level,2,1,2,10886.15,"$10,886",2,Mobile Transfer ticket
2026-06-04T22:00:35Z,160286423,"San Antonio Spurs at New York Knicks: NBA Finals  (Home Game 3, Series Game 6, If Necessary)",2026-06-16T20:30:00,Madison Square Garden,12885933453,224,139952,200 Level,21,,,10549.55,"$10,550",4,Mobile ticket
2026-06-04T22:00:35Z,160286423,"San Antonio Spurs at New York Knicks: NBA Finals  (Home Game 3, Series Game 6, If Necessary)",2026-06-16T20:30:00,Madison Square Garden,12822705767,222,140013,200 Level,20,9,10,10457.15,"$10,457",2,Mobile Transfer ticket
2026-06-04T22:00:35Z,160286423,"San Antonio Spurs at New York Knicks: NBA Finals  (Home Game 3, Series Game 6, If Necessary)",2026-06-16T20:30:00,Madison Square Garden,12885934933,225,139951,200 Level,20,,,9929.15,"$9,929",4,Mobile ticket
2026-06-04T22:00:35Z,160286423,"San Antonio Spurs at New York Knicks: NBA Finals  (Home Game 3, Series Game 6, If Necessary)",2026-06-16T20:30:00,Madison Square Garden,12849522982,212,139995,200 Level,7,,,12660.31,"$12,660",4,Mobile Transfer ticket
2026-06-04T22:00:35Z,160286423,"San Antonio Spurs at New York Knicks: NBA Finals  (Home Game 3, Series Game 6, If Necessary)",2026-06-16T20:30:00,Madison Square Garden,12758912842,223,139953,200 Level,18,9,10,12171.67,"$12,172",2,Mobile Transfer ticket
2026-06-04T22:00:35Z,160286423,"San Antonio Spurs at New York Knicks: NBA Finals  (Home Game 3, Series Game 6, If Necessary)",2026-06-16T20:30:00,Madison Square Garden,12839729150,327,1000661,Chase Bridges,2,,,10817.29,"$10,817",4,Mobile Transfer ticket
2026-06-04T22:00:35Z,160286423,"San Antonio Spurs at New York Knicks: NBA Finals  (Home Game 3, Series Game 6, If Necessary)",2026-06-16T20:30:00,Madison Square Garden,12885930632,223,139953,200 Level,23,,,9929.15,"$9,929",4,Mobile ticket
2026-06-04T22:00:35Z,160286423,"San Antonio Spurs at New York Knicks: NBA Finals  (Home Game 3, Series Game 6, If Necessary)",2026-06-16T20:30:00,Madison Square Garden,12904771031,212,139995,200 Level Barstools,B25,,,10428.55,"$10,429",4,Mobile Transfer ticket
2026-06-04T22:00:35Z,160286423,"San Antonio Spurs at New York Knicks: NBA Finals  (Home Game 3, Series Game 6, If Necessary)",2026-06-16T20:30:00,Madison Square Garden,12923002893,419,139881,400 Level,7,,,11178.41,"$11,178",6,Mobile Transfer ticket
2026-06-04T22:00:35Z,160286423,"San Antonio Spurs at New York Knicks: NBA Finals  (Home Game 3, Series Game 6, If Necessary)",2026-06-16T20:30:00,Madison Square Garden,12917818983,226,139959,200 Level,15,,,10209.94,"$10,210",2,Mobile Transfer ticket
2026-06-04T22:00:35Z,160286423,"San Antonio Spurs at New York Knicks: NBA Finals  (Home Game 3, Series Game 6, If Necessary)",2026-06-16T20:30:00,Madison Square Garden,12758461561,209,139989,200 Level,10,,,11357.39,"$11,357",4,Mobile Transfer ticket
2026-06-04T22:00:35Z,160286423,"San Antonio Spurs at New York Knicks: NBA Finals  (Home Game 3, Series Game 6, If Necessary)",2026-06-16T20:30:00,Madison Square Garden,12915941633,226,139959,200 Level,22,,,10080.74,"$10,081",2,Mobile Transfer ticket
2026-06-04T22:00:35Z,160286423,"San Antonio Spurs at New York Knicks: NBA Finals  (Home Game 3, Series Game 6, If Necessary)",2026-06-16T20:30:00,Madison Square Garden,12839730939,311,1000652,Chase Bridges,1,,,12155.16,"$12,155",4,Mobile Transfer ticket
2026-06-04T22:00:35Z,160286423,"San Antonio Spurs at New York Knicks: NBA Finals  (Home Game 3, Series Game 6, If Necessary)",2026-06-16T20:30:00,Madison Square Garden,12923002870,417,139883,400 Level,6,,,9440.84,"$9,441",4,Mobile Transfer ticket
2026-06-04T22:00:35Z,160286423,"San Antonio Spurs at New York Knicks: NBA Finals  (Home Game 3, Series Game 6, If Necessary)",2026-06-16T20:30:00,Madison Square Garden,12933681745,209,139989,200 Level,8,,,11416.46,"$11,416",4,Mobile Transfer ticket
2026-06-04T22:00:35Z,160286423,"San Antonio Spurs at New York Knicks: NBA Finals  (Home Game 3, Series Game 6, If Necessary)",2026-06-16T20:30:00,Madison Square Garden,12860105904,222,140013,200 Level,23,,,10447.74,"$10,448",3,Mobile Transfer ticket
2026-06-04T22:00:35Z,160286423,"San Antonio Spurs at New York Knicks: NBA Finals  (Home Game 3, Series Game 6, If Necessary)",2026-06-16T20:30:00,Madison Square Garden,12758461576,211,139993,200 Level,19,,,11357.39,"$11,357",4,Mobile Transfer ticket
2026-06-04T22:00:35Z,160286423,"San Antonio Spurs at New York Knicks: NBA Finals  (Home Game 3, Series Game 6, If Necessary)",2026-06-16T20:30:00,Madison Square Garden,12917281561,415,139886,400 Level,6,,,9809.29,"$9,809",5,Mobile Transfer ticket
2026-06-04T22:00:35Z,160286423,"San Antonio Spurs at New York Knicks: NBA Finals  (Home Game 3, Series Game 6, If Necessary)",2026-06-16T20:30:00,Madison Square Garden,12924342291,212,139995,200 Level,11,,,10500.75,"$10,501",4,Mobile Transfer ticket
2026-06-04T22:00:35Z,160286423,"San Antonio Spurs at New York Knicks: NBA Finals  (Home Game 3, Series Game 6, If Necessary)",2026-06-16T20:30:00,Madison Square Garden,12933681877,213,139997,200 Level,16,,,10543.28,"$10,543",4,Mobile Transfer ticket
2026-06-04T22:00:35Z,160286423,"San Antonio Spurs at New York Knicks: NBA Finals  (Home Game 3, Series Game 6, If Necessary)",2026-06-16T20:30:00,Madison Square Garden,12762261313,227,139960,200 Level,11,,,11882.75,"$11,883",8,Mobile Transfer ticket
2026-06-04T22:00:35Z,160286423,"San Antonio Spurs at New York Knicks: NBA Finals  (Home Game 3, Series Game 6, If Necessary)",2026-06-16T20:30:00,Madison Square Garden,12821872369,222,140013,200 Level,6,14,15,11686.73,"$11,687",2,Mobile Transfer ticket
2026-06-04T22:00:35Z,160287600,"New York Knicks at San Antonio Spurs: NBA Finals  (Home Game 4, Series Game 7, If Necessary)",2026-06-19T19:30:00,Frost Bank Center (Formerly AT&T Center),12930762219,210,149080,Balcony,19,,,5746.98,"$5,747",2,Mobile Transfer ticket
2026-06-04T22:00:35Z,160287600,"New York Knicks at San Antonio Spurs: NBA Finals  (Home Game 4, Series Game 7, If Necessary)",2026-06-19T19:30:00,Frost Bank Center (Formerly AT&T Center),12891774621,101,149098,Plaza,32,,,8037.17,"$8,037",2,Mobile Transfer ticket
2026-06-04T22:00:35Z,160287600,"New York Knicks at San Antonio Spurs: NBA Finals  (Home Game 4, Series Game 7, If Necessary)",2026-06-19T19:30:00,Frost Bank Center (Formerly AT&T Center),12877247467,208,149078,Balcony,16,,,5123.07,"$5,123",2,Mobile Transfer ticket
2026-06-04T22:00:35Z,160287600,"New York Knicks at San Antonio Spurs: NBA Finals  (Home Game 4, Series Game 7, If Necessary)",2026-06-19T19:30:00,Frost Bank Center (Formerly AT&T Center),12814443816,201,149071,Balcony,,,,5074.39,"$5,074",2,Mobile Transfer ticket
2026-06-04T22:00:35Z,160287600,"New York Knicks at San Antonio Spurs: NBA Finals  (Home Game 4, Series Game 7, If Necessary)",2026-06-19T19:30:00,Frost Bank Center (Formerly AT&T Center),12285443958,208,149078,Balcony,15,,,6678.44,"$6,678",2,Mobile Transfer ticket
2026-06-04T22:00:35Z,160287600,"New York Knicks at San Antonio Spurs: NBA Finals  (Home Game 4, Series Game 7, If Necessary)",2026-06-19T19:30:00,Frost Bank Center (Formerly AT&T Center),12919992221,128,149125,Plaza,32,,,7616.88,"$7,617",4,Mobile Transfer ticket
2026-06-04T22:00:35Z,160287600,"New York Knicks at San Antonio Spurs: NBA Finals  (Home Game 4, Series Game 7, If Necessary)",2026-06-19T19:30:00,Frost Bank Center (Formerly AT&T Center),12889184138,210,149080,Balcony,21,,,5254.54,"$5,255",4,Mobile Transfer ticket
2026-06-04T22:00:35Z,160287600,"New York Knicks at San Antonio Spurs: NBA Finals  (Home Game 4, Series Game 7, If Necessary)",2026-06-19T19:30:00,Frost Bank Center (Formerly AT&T Center),12877253263,224,149090,Balcony,14,,,6596.81,"$6,597",2,Mobile Transfer ticket
2026-06-04T22:00:35Z,160287600,"New York Knicks at San Antonio Spurs: NBA Finals  (Home Game 4, Series Game 7, If Necessary)",2026-06-19T19:30:00,Frost Bank Center (Formerly AT&T Center),12897079106,211,149081,Balcony,17,,,6071.85,"$6,072",4,Mobile Transfer ticket
2026-06-04T22:00:35Z,160287600,"New York Knicks at San Antonio Spurs: NBA Finals  (Home Game 4, Series Game 7, If Necessary)",2026-06-19T19:30:00,Frost Bank Center (Formerly AT&T Center),12878857934,220,149086,Balcony,4,,,5178.87,"$5,179",2,Mobile Transfer ticket
2026-06-04T22:00:35Z,160287600,"New York Knicks at San Antonio Spurs: NBA Finals  (Home Game 4, Series Game 7, If Necessary)",2026-06-19T19:30:00,Frost Bank Center (Formerly AT&T Center),12878827572,224,149090,Balcony,10,,,7294.21,"$7,294",2,Mobile Transfer ticket
2026-06-04T22:00:35Z,160287600,"New York Knicks at San Antonio Spurs: NBA Finals  (Home Game 4, Series Game 7, If Necessary)",2026-06-19T19:30:00,Frost Bank Center (Formerly AT&T Center),12930323115,222,149088,Balcony,20,1,2,7043.54,"$7,044",2,Mobile Transfer ticket
2026-06-04T22:00:35Z,160287600,"New York Knicks at San Antonio Spurs: NBA Finals  (Home Game 4, Series Game 7, If Necessary)",2026-06-19T19:30:00,Frost Bank Center (Formerly AT&T Center),12924750214,206,149076,Balcony,19,,,4677.53,"$4,678",4,Mobile Transfer ticket
2026-06-04T22:00:35Z,160287600,"New York Knicks at San Antonio Spurs: NBA Finals  (Home Game 4, Series Game 7, If Necessary)",2026-06-19T19:30:00,Frost Bank Center (Formerly AT&T Center),12814443819,211,149081,Balcony,19,,,4879.33,"$4,879",2,Mobile Transfer ticket
2026-06-04T22:00:35Z,160287600,"New York Knicks at San Antonio Spurs: NBA Finals  (Home Game 4, Series Game 7, If Necessary)",2026-06-19T19:30:00,Frost Bank Center (Formerly AT&T Center),12875481279,227,149093,Balcony,12,,,4422.69,"$4,423",2,Mobile Transfer ticket
2026-06-04T22:00:35Z,160287600,"New York Knicks at San Antonio Spurs: NBA Finals  (Home Game 4, Series Game 7, If Necessary)",2026-06-19T19:30:00,Frost Bank Center (Formerly AT&T Center),12931351445,208,149078,Balcony,,,,4680.62,"$4,681",2,Mobile Transfer ticket
2026-06-04T22:00:35Z,160287600,"New York Knicks at San Antonio Spurs: NBA Finals  (Home Game 4, Series Game 7, If Necessary)",2026-06-19T19:30:00,Frost Bank Center (Formerly AT&T Center),12906687173,221,149087,Balcony,13,,,7795.16,"$7,795",4,Mobile Transfer ticket
2026-06-04T22:00:35Z,160287600,"New York Knicks at San Antonio Spurs: NBA Finals  (Home Game 4, Series Game 7, If Necessary)",2026-06-19T19:30:00,Frost Bank Center (Formerly AT&T Center),12921592099,227,149093,Balcony,9,9,14,7764.35,"$7,764",6,Mobile Transfer ticket
2026-06-04T22:00:35Z,160287600,"New York Knicks at San Antonio Spurs: NBA Finals  (Home Game 4, Series Game 7, If Necessary)",2026-06-19T19:30:00,Frost Bank Center (Formerly AT&T Center),12930762183,212,149082,Balcony,15,,,6162.23,"$6,162",4,Mobile Transfer ticket
2026-06-04T22:00:35Z,160287600,"New York Knicks at San Antonio Spurs: NBA Finals  (Home Game 4, Series Game 7, If Necessary)",2026-06-19T19:30:00,Frost Bank Center (Formerly AT&T Center),12933273984,115,149112,Plaza,33,,,5758.15,"$5,758",2,Mobile Transfer ticket
2026-06-04T22:00:35Z,160287600,"New York Knicks at San Antonio Spurs: NBA Finals  (Home Game 4, Series Game 7, If Necessary)",2026-06-19T19:30:00,Frost Bank Center (Formerly AT&T Center),12930762268,229,149095,Balcony,8,,,8065.43,"$8,065",6,Mobile Transfer ticket
2026-06-04T22:00:35Z,160287600,"New York Knicks at San Antonio Spurs: NBA Finals  (Home Game 4, Series Game 7, If Necessary)",2026-06-19T19:30:00,Frost Bank Center (Formerly AT&T Center),12759183463,204,149074,Balcony,6,9,10,8325.35,"$8,325",2,Mobile Transfer ticket
2026-06-04T22:00:35Z,160287600,"New York Knicks at San Antonio Spurs: NBA Finals  (Home Game 4, Series Game 7, If Necessary)",2026-06-19T19:30:00,Frost Bank Center (Formerly AT&T Center),12921428606,205,149075,Balcony,16,13,20,6470.75,"$6,471",8,Mobile Transfer ticket
2026-06-04T22:00:35Z,160287600,"New York Knicks at San Antonio Spurs: NBA Finals  (Home Game 4, Series Game 7, If Necessary)",2026-06-19T19:30:00,Frost Bank Center (Formerly AT&T Center),12930762222,210,149080,Balcony,18,,,7788.6,"$7,789",4,Mobile Transfer ticket
2026-06-04T22:00:35Z,160287600,"New York Knicks at San Antonio Spurs: NBA Finals  (Home Game 4, Series Game 7, If Necessary)",2026-06-19T19:30:00,Frost Bank Center (Formerly AT&T Center),12830288840,226,149092,Balcony,3,,,6701.75,"$6,702",2,Mobile Transfer ticket
2026-06-04T22:00:35Z,160287600,"New York Knicks at San Antonio Spurs: NBA Finals  (Home Game 4, Series Game 7, If Necessary)",2026-06-19T19:30:00,Frost Bank Center (Formerly AT&T Center),12930762178,212,149082,Balcony,8,,,7615.59,"$7,616",4,Mobile Transfer ticket
2026-06-04T22:00:35Z,160287600,"New York Knicks at San Antonio Spurs: NBA Finals  (Home Game 4, Series Game 7, If Necessary)",2026-06-19T19:30:00,Frost Bank Center (Formerly AT&T Center),12878819761,222,149088,Balcony,21,,,5417.65,"$5,418",4,Mobile Transfer ticket
2026-06-04T22:00:35Z,160287600,"New York Knicks at San Antonio Spurs: NBA Finals  (Home Game 4, Series Game 7, If Necessary)",2026-06-19T19:30:00,Frost Bank Center (Formerly AT&T Center),12891774665,226,149092,Balcony,21,,,5134.13,"$5,134",4,Mobile Transfer ticket
2026-06-04T22:00:35Z,160287600,"New York Knicks at San Antonio Spurs: NBA Finals  (Home Game 4, Series Game 7, If Necessary)",2026-06-19T19:30:00,Frost Bank Center (Formerly AT&T Center),12931670158,101,149098,Plaza,34,,,7915.62,"$7,916",4,Mobile Transfer ticket
2026-06-04T22:00:35Z,160287600,"New York Knicks at San Antonio Spurs: NBA Finals  (Home Game 4, Series Game 7, If Necessary)",2026-06-19T19:30:00,Frost Bank Center (Formerly AT&T Center),12883476876,207,149077,Balcony,20,,,5518.5,"$5,518",2,Mobile Transfer ticket
2026-06-04T22:00:35Z,160287600,"New York Knicks at San Antonio Spurs: NBA Finals  (Home Game 4, Series Game 7, If Necessary)",2026-06-19T19:30:00,Frost Bank Center (Formerly AT&T Center),12877253267,223,149089,Balcony,15,,,5764.55,"$5,765",4,Mobile Transfer ticket
2026-06-04T22:00:35Z,160287600,"New York Knicks at San Antonio Spurs: NBA Finals  (Home Game 4, Series Game 7, If Necessary)",2026-06-19T19:30:00,Frost Bank Center (Formerly AT&T Center),12878327891,204,149074,Balcony,14,9,10,4730.99,"$4,731",2,Mobile ticket
2026-06-04T22:00:35Z,160287600,"New York Knicks at San Antonio Spurs: NBA Finals  (Home Game 4, Series Game 7, If Necessary)",2026-06-19T19:30:00,Frost Bank Center (Formerly AT&T Center),12814443811,224,149090,Balcony,11,,,6812.45,"$6,812",4,Mobile Transfer ticket
2026-06-04T22:00:35Z,160287600,"New York Knicks at San Antonio Spurs: NBA Finals  (Home Game 4, Series Game 7, If Necessary)",2026-06-19T19:30:00,Frost Bank Center (Formerly AT&T Center),12928381694,224,149090,Balcony,18,,,5460.26,"$5,460",2,Mobile Transfer ticket
2026-06-04T22:00:35Z,160287600,"New York Knicks at San Antonio Spurs: NBA Finals  (Home Game 4, Series Game 7, If Necessary)",2026-06-19T19:30:00,Frost Bank Center (Formerly AT&T Center),12918510086,209,149079,Balcony,13,,,7115.37,"$7,115",4,Mobile Transfer ticket
2026-06-04T22:00:35Z,160287600,"New York Knicks at San Antonio Spurs: NBA Finals  (Home Game 4, Series Game 7, If Necessary)",2026-06-19T19:30:00,Frost Bank Center (Formerly AT&T Center),12932631372,113,149110,Plaza,34,,,7578.03,"$7,578",6,Mobile Transfer ticket
2026-06-04T22:00:35Z,160287600,"New York Knicks at San Antonio Spurs: NBA Finals  (Home Game 4, Series Game 7, If Necessary)",2026-06-19T19:30:00,Frost Bank Center (Formerly AT&T Center),12878900284,229,149095,Balcony,15,,,5026.71,"$5,027",4,Mobile Transfer ticket
2026-06-04T22:00:35Z,160287600,"New York Knicks at San Antonio Spurs: NBA Finals  (Home Game 4, Series Game 7, If Necessary)",2026-06-19T19:30:00,Frost Bank Center (Formerly AT&T Center),12928381693,224,149090,Balcony,19,,,5070.44,"$5,070",2,Mobile Transfer ticket
2026-06-04T22:00:35Z,160287600,"New York Knicks at San Antonio Spurs: NBA Finals  (Home Game 4, Series Game 7, If Necessary)",2026-06-19T19:30:00,Frost Bank Center (Formerly AT&T Center),12930762237,211,149081,Balcony,14,,,6992.72,"$6,993",5,Mobile Transfer ticket
2026-06-04T22:00:35Z,160287600,"New York Knicks at San Antonio Spurs: NBA Finals  (Home Game 4, Series Game 7, If Necessary)",2026-06-19T19:30:00,Frost Bank Center (Formerly AT&T Center),12930323073,213,149083,Balcony,15,11,14,6084.65,"$6,085",4,Mobile Transfer ticket
